;cD315_S52;cD316_S53;cD317_S54;cD321_S58;cD322_S59;cD323_S60;cD327_S64;cD328_S65;cD329_S66;cD333_S70;cD334_S71;cD335_S72;cD339_S76;cD340_S77;cD341_S78;cD345_S82;cD346_S83;cD347_S84;cD351_S88;cD352_S89;cD353_S90;cD358_S93;cD359_S94
____Hydrogenedentes;0;0;0,01021811;0;0;0;0;0;0;0,006203694;0;0,003817202;0;0;0;0;0;0;0;0;0;0;0
___028H05-P-BN-P5_Planctomycetes;0;0;0;0;0;0;0;0;0;0;0;0;0;0;0;0;0;0;0;0;0;0;0
___ARKICE-90_Proteobacteria;0,079588643;0,095713816;0,142124624;0,14968556;0,079752552;0,065030076;0,089394317;0,099100752;0,147459165;0,126732603;0,10150706;0,093139725;0,144046241;0,059473331;0,062286191;0,061471902;0,12431694;0,119294882;0,193688968;0,13680393;0,15410241;0,073999466;0,080787715
___Elev-16S-509_Proteobacteria;0;0;0;0;0;0;0;0;0;0;0;0;0;0;0;0;0;0;0;0;0;0;0
___JG30-KF-CM66_Chloroflexi;0;0;0;0;0;0;0;0;0;0;0;0;0;0;0;0;0;0;0;0;0;0;0
___ML635J-21_Cyanobacteria;0;0;0;0;0;0;0;0;0;0;0;0;0;0;0;0;0;0;0;0;0;0;0
___OM190_Planctomycetes;0;0;0;0;0;0;0;0;0;0;0;0;0;0;0;0;0;0;0;0;0;0;0
___SPOTSOCT00m83_Proteobacteria;0,010731053;0,021934416;0,045517036;0,005023005;0,00754416;0,020592858;0,010258364;0,005138558;0;0,011521146;0,00457239;0,004580642;0;0,009912222;0;0;0,004781421;0;0,005043984;0;0,003965871;0;0
___TA18_Proteobacteria;0;0;0;0;0;0;0;0;0;0;0;0;0;0;0;0;0;0;0;0;0;0;0
__42095_Bacilli_Firmicutes;0;0;0;0;0;0;0;0;0;0;0;0;0;0;0;0;0;0;0;0;0;0;0
__B38_Gammaproteobacteria_Proteobacteria;0;0;0;0;0;0;0;0;0;0;0;0;0;0;0;0;0;0;0;0;0;0;0
__E6aD10_Alphaproteobacteria_Proteobacteria;0;0;0;0;0;0;0;0;0;0;0;0;0;0;0;0;0;0;0;0;0;0;0
__Hot-Creek-32_Betaproteobacteria_Proteobacteria;0;0;0,004644596;0;0;0;0;0,005872637;0,049153055;0,007089936;0;0;0;0;0;0;0,004781421;0;0,048422242;0;0,004532424;0;0
__oca12_Betaproteobacteria_Proteobacteria;0;0;0;0,006027606;0;0;0;0;0,003781004;0;0;0;0;0;0;0;0;0;0;0;0;0;0
__OCS116-clade_Alphaproteobacteria_Proteobacteria;0;0;0;0;0;0;0;0;0;0;0;0;0;0;0;0;0;0;0;0;0;0;0
_AKIW852_Sphingomonadales_Alphaproteobacteria_Proteobacteria;0;0;0;0;0;0;0;0,006606717;0;0;0;0,005344083;0,00547011;0,00550679;0;0,006225003;0;0;0;0,008263325;0,00566553;0;0
_alphaI-cluster_Rhizobiales_Alphaproteobacteria_Proteobacteria;0;0;0;0;0;0;0;0;0;0;0;0;0;0;0;0;0;0;0;0;0;0;0
_AT-s3-44_Rhodospirillales_Alphaproteobacteria_Proteobacteria;0;0;0;0;0;0;0;0;0;0;0;0;0;0;0;0;0;0;0;0;0;0;0
_BIgi5_Order-III_Cytophagia_Bacteroidetes;0;0;0;0;0;0;0;0;0;0;0;0;0;0;0;0;0;0;0;0;0;0;0
_Blfdi19_Myxococcales_Deltaproteobacteria_Proteobacteria;0,005365526;0;0;0;0;0;0;0;0;0;0;0;0;0;0;0;0;0;0;0;0;0;0
_C2U_Rhizobiales_Alphaproteobacteria_Proteobacteria;0;0;0;0;0;0;0;0;0;0;0;0;0;0;0;0;0;0;0;0;0;0;0
_Comamonadaceae_Burkholderiales_Betaproteobacteria_Proteobacteria;0;0;0;0;0;0;0;0;0;0;0;0;0;0;0;0;0;0;0;0;0;0;0
_ctg-CGOF202_Sphingomonadales_Alphaproteobacteria_Proteobacteria;0;0;0;0;0;0;0;0;0;0;0;0;0;0;0;0;0;0;0;0;0;0;0
_D05-2_Rhizobiales_Alphaproteobacteria_Proteobacteria;0,010731053;0,033898643;0;0,00904141;0,033409853;0;0,02344769;0;0,004537205;0,021269808;0;0;0;0;0;0;0;0;0;0;0;0,009249933;0
_DA111_Rhodospirillales_Alphaproteobacteria_Proteobacteria;0;0;0;0;0;0;0;0;0,004537205;0;0;0;0;0;0;0;0;0;0;0;0;0;0
_DEV007_Verrucomicrobiales_Verrucomicrobiae_Verrucomicrobia;0;0,004985095;0;0;0,006466423;0;0;0;0,005293406;0;0;0;0;0;0;0;0,003415301;0;0;0;0;0;0
_DSSF69_Sphingomonadales_Alphaproteobacteria_Proteobacteria;0,004471272;0;0;0;0,009699635;0;0;0;0,028735632;0,016838598;0;0;0;0;0;0,010115629;0,023907104;0;0;0,022035532;0;0;0
_GR-WP33-58_Desulfuromonadales_Deltaproteobacteria_Proteobacteria;0,004471272;0,009970189;0,005573515;0;0,006466423;0,006503008;0;0,008074876;0,006805808;0;0;0;0;0;0;0;0;0;0;0;0;0;0
_JG34-KF-161_Sphingomonadales_Alphaproteobacteria_Proteobacteria;0;0;0;0;0;0;0;0;0;0;0;0;0;0;0;0;0;0;0;0;0;0;0
_JG34-KF-361_Rhizobiales_Alphaproteobacteria_Proteobacteria;0;0,006979132;0,018578382;0;0;0;0,013189325;0,013213434;0;0,00886242;0;0,007634404;0;0,020925802;0,007665993;0,051356272;0,011612022;0;0,047413445;0,004590736;0,00566553;0;0,013809866
_MND8_Rhodospirillales_Alphaproteobacteria_Proteobacteria;0;0;0;0;0;0;0;0;0;0;0;0,003817202;0;0;0;0;0;0;0;0;0;0;0
_MNG7_Rhizobiales_Alphaproteobacteria_Proteobacteria;0;0;0;0;0;0;0;0;0;0;0;0;0;0;0;0,009337504;0;0;0;0;0;0;0
_NS11-12-marine-group_Sphingobacteriales_Sphingobacteriia_Bacteroidetes;0,015202325;0,011964227;0,02043622;0,021096623;0,014010583;0,016257519;0;0,046247018;0,012855414;0,015066114;0,02743434;0,025193532;0,082963341;0,028635307;0,020123231;0,048243771;0,078551913;0,05538691;0,092809297;0,151035211;0,208491496;0,169582109;0,122217312
_NS7-marine-group_Flavobacteriales_Flavobacteriia_Bacteroidetes;0;0,009970189;0;0;0;0;0;0,011011195;0;0;0;0;0;0;0;0;0;0;0;0;0;0;0
_NS9-marine-group_Flavobacteriales_Flavobacteriia_Bacteroidetes;0;0;0;0;0;0;0;0;0;0;0;0;0;0;0;0;0;0;0;0;0;0;0
_OPB56_Chlorobiales_Chlorobia_Chlorobi;0,078694389;0,076770456;0,064095419;0,041188644;0,065741968;0,047688723;0,017585767;0,114516425;0,050665457;0,029245985;0,032921209;0,04122578;0,025527182;0,031939381;0,004791245;0,007003128;0,015710383;0;0;0,0243309;0,035126285;0;0,004833453
_Phyllobacteriaceae_Rhizobiales_Alphaproteobacteria_Proteobacteria;0;0;0;0;0;0;0;0,016149752;0;0;0;0;0;0;0;0;0;0;0;0,002295368;0;0;0
_Rhodobacteraceae_Rhodobacterales_Alphaproteobacteria_Proteobacteria;0;0;0,004644596;0,00904141;0;0,010838346;0;0,004404478;0,003781004;0;0,005486868;0;0,006381795;0;0,01054074;0;0,005464481;0,008521063;0;0,003672589;0,007365189;0;0
_Rhodobiaceae_Rhizobiales_Alphaproteobacteria_Proteobacteria;0;0;0;0;0,014010583;0;0;0;0;0;0;0;0;0;0;0;0,009562842;0,005325664;0;0;0;0;0
_Rhodospirillaceae_Rhodospirillales_Alphaproteobacteria_Proteobacteria;0;0;0;0;0;0;0;0;0;0;0;0;0;0;0;0;0;0;0;0;0;0;0
_SAR116-clade_Rickettsiales_Alphaproteobacteria_Proteobacteria;0;0;0;0;0;0;0;0;0;0;0;0;0;0;0;0;0;0;0;0;0;0;0
_SHWN-night2_Rickettsiales_Alphaproteobacteria_Proteobacteria;0;0,00897317;0;0;0;0;0;0,005138558;0,003781004;0;0;0;0;0;0;0;0;0;0;0;0;0;0
_Sphingomonadaceae_Sphingomonadales_Alphaproteobacteria_Proteobacteria;0;0;0;0;0;0;0;0;0;0;0;0;0;0;0;0;0;0;0;0;0;0;0
_T9d_Rickettsiales_Alphaproteobacteria_Proteobacteria;0;0;0;0;0;0;0;0;0;0;0;0;0;0;0;0;0;0;0;0;0;0;0
_TM146_Solirubrobacterales_Thermoleophilia_Actinobacteria;0;0;0;0;0;0;0;0;0;0;0;0;0;0;0;0;0;0;0;0;0;0;0
_uncultured_Gaiellales_Thermoleophilia_Actinobacteria;0,016990834;0,032901624;0,037156764;0,040184043;0,039876276;0,092125942;0,076204991;0,071939805;0,052934059;0,101917828;0,035664643;0,074053716;0,19965903;0,127757525;0,133196623;0,259893864;0,220628415;0,134206742;0,205794528;0,29931598;0,273078536;0,176776501;0,214052919
_uncultured_Rhizobiales_Alphaproteobacteria_Proteobacteria;0,102839258;0,015952303;0,063166499;0,026119628;0,006466423;0,032515038;0,017585767;0,034501743;0,024198427;0,034563437;0,014631648;0,064892431;0,035555718;0,012114938;0,018206733;0;0,022540984;0,01491186;0,013114357;0,023412753;0,017563142;0;0,066977849
_uncultured_Sphingomonadales_Alphaproteobacteria_Proteobacteria;0;0;0;0;0;0;0;0;0;0;0;0;0;0;0;0;0;0;0;0;0;0;0
_Verrucomicrobiaceae_Verrucomicrobiales_Verrucomicrobiae_Verrucomicrobia;0;0;0;0;0;0;0;0;0;0;0;0;0;0;0;0;0;0;0;0;0;0;0
_WCHB1-69_Sphingobacteriales_Sphingobacteriia_Bacteroidetes;0,007154035;0,006979132;0,005573515;0;0;0;0;0;0,004537205;0;0;0;0;0;0;0,005446877;0;0;0;0,004131662;0,004532424;0;0,003452466
_WW2-159_Sphingomonadales_Alphaproteobacteria_Proteobacteria;0;0;0;0;0;0;0;0;0;0;0;0;0;0,01101358;0;0;0;0;0;0;0;0;0
_Xanthobacteraceae_Rhizobiales_Alphaproteobacteria_Proteobacteria;0;0;0;0;0;0;0;0;0;0;0;0;0;0;0;0;0;0;0;0,004590736;0;0;0
Achromobacter_Alcaligenaceae_Burkholderiales_Betaproteobacteria_Proteobacteria;0,092108205;0,051844983;0,091034073;0,134616544;0,074363866;0,053107896;0,070343069;0,077078363;0,085450696;0,06735439;0,08778989;0,076344037;0,091168507;0,083703206;0,026830974;0,048243771;0,105191257;0,064973105;0,064562989;0,056006978;0,056655298;0,02877757;0,051096503
Acidovorax_Comamonadaceae_Burkholderiales_Betaproteobacteria_Proteobacteria;0,239660183;0,178466386;0,176494631;0,111510719;0,090529923;0,141982333;0,165599308;0,154890806;0,134603751;0,139139991;0,160948131;0,132838624;0,160456572;0,17401456;0,044079458;0,077034409;0,099726776;0,095861959;0,063554193;0,070238259;0,088948818;0,08633271;0,083549688
Acinetobacter_Moraxellaceae_Pseudomonadales_Gammaproteobacteria_Proteobacteria;0;0;0;0,012055213;0,005388686;0,005419173;0;0;0,003781004;0;0,006401346;0;0,009116851;0;0;0;0;0;0;0;0;0;0
Actibacterium_Rhodobacteraceae_Rhodobacterales_Alphaproteobacteria_Proteobacteria;0;0;0;0;0;0;0;0;0;0;0;0;0;0;0;0;0;0;0;0;0;0;0
Aequorivita_Flavobacteriaceae_Flavobacteriales_Flavobacteriia_Bacteroidetes;0,152023251;0,169493215;0,15698733;0,219003034;0,174593424;0,118137972;0,322405733;0,169572399;0,344827586;0,216243043;0,187467993;0,188569771;0,302679442;0,292961221;0,140862616;0,185971956;0,456284153;0,26308782;0,307682996;0,456778222;0,408484697;0,257970359;0,281030768
Aeromicrobium_Nocardioidaceae_Propionibacteriales_Actinobacteria_Actinobacteria;0;0;0;0;0;0;0;0;0;0;0;0;0;0;0;0;0;0;0;0;0;0;0
Aeromonas_Aeromonadaceae_Aeromonadales_Gammaproteobacteria_Proteobacteria;0,006259781;0,00897317;0,014862706;0;0;0;0;0,005138558;0;0;0,006401346;0,009161284;0;0;0;0;0;0;0;0;0,003399318;0;0
Aestuariivita_Rhodobacteraceae_Rhodobacterales_Alphaproteobacteria_Proteobacteria;0;0;0,02043622;0;0;0,010838346;0;0,006606717;0;0;0;0;0;0,00550679;0;0,006225003;0;0;0;0;0;0;0
Afifella_Rhodobiaceae_Rhizobiales_Alphaproteobacteria_Proteobacteria;0,016990834;0;0,007431353;0,00904141;0,006466423;0;0;0,005872637;0,037810042;0,010634904;0,008230302;0;0,007293481;0;0;0;0,003415301;0;0,01210556;0;0,003965871;0;0
Afipia_Bradyrhizobiaceae_Rhizobiales_Alphaproteobacteria_Proteobacteria;0;0;0;0;0;0;0;0;0;0;0;0;0;0;0;0;0;0;0;0;0;0;0
Agrococcus_Microbacteriaceae_Micrococcales_Actinobacteria_Actinobacteria;0;0;0;0;0;0;0;0;0;0;0;0;0;0;0;0;0;0;0;0;0;0;0
Ahrensia_Phyllobacteriaceae_Rhizobiales_Alphaproteobacteria_Proteobacteria;0,255756763;0,207379934;0,11425705;0,124570533;0,197225904;0,181000379;0,136289696;0,116718664;0,092256503;0,108121522;0,091447802;0,105354771;0,084786711;0,06498012;0,075701678;0,03501564;0,058743169;0,067103371;0,061536599;0,049579948;0,041358367;0,050360747;0,043501077
Albidiferax_Comamonadaceae_Burkholderiales_Betaproteobacteria_Proteobacteria;0;0;0;0,013059814;0;0;0;0;0;0;0;0;0;0;0;0,007781253;0;0;0;0;0;0;0
Algoriphagus_Cyclobacteriaceae_Cytophagales_Cytophagia_Bacteroidetes;0;0;0;0;0;0;0;0;0;0;0;0;0;0;0;0;0;0;0;0;0;0;0
Aliihoeflea_Phyllobacteriaceae_Rhizobiales_Alphaproteobacteria_Proteobacteria;0;0;0;0;0;0;0;0;0;0;0;0;0;0;0;0;0;0;0;0;0;0;0
Alkanindiges_Moraxellaceae_Pseudomonadales_Gammaproteobacteria_Proteobacteria;0;0;0;0;0;0;0;0;0;0;0;0,003817202;0,004558425;0;0;0,028790638;0,005464481;0,009586196;0,005043984;0,005049809;0,002832765;0;0,003452466
Altererythrobacter_Erythrobacteraceae_Sphingomonadales_Alphaproteobacteria_Proteobacteria;0;0;0;0;0;0;0;0;0;0;0;0;0;0;0;0;0;0;0;0;0;0;0
Alteromonas_Alteromonadaceae_Alteromonadales_Gammaproteobacteria_Proteobacteria;0;0;0;0;0;0;0;0;0;0;0;0;0;0;0;0;0;0;0;0;0;0;0
Aminobacter_Phyllobacteriaceae_Rhizobiales_Alphaproteobacteria_Proteobacteria;0;0;0;0;0;0;0;0;0;0;0;0;0;0;0;0;0;0;0;0;0;0;0
Amorphus_Caulobacteraceae_Caulobacterales_Alphaproteobacteria_Proteobacteria;0;0;0,006502434;0;0;0;0;0;0;0;0;0;0;0;0;0;0,008196721;0;0;0,016526649;0;0;0,007595426
Ancylobacter_Xanthobacteraceae_Rhizobiales_Alphaproteobacteria_Proteobacteria;0;0;0,004644596;0,005023005;0;0;0;0,005138558;0,004537205;0;0;0;0,009116851;0;0,01054074;0;0;0;0;0;0;0;0
Antarctobacter_Rhodobacteraceae_Rhodobacterales_Alphaproteobacteria_Proteobacteria;0,231611894;0,201397821;0,235016535;0,162745374;0,215547437;0,283964667;0,118703929;0,194531107;0,232909861;0,205608139;0,140829614;0,174064404;0,2014824;0,153088758;0,079534674;0,119831302;0,142759563;0,07029877;0,025219918;0,127163384;0,094614347;0,040083044;0,033834171
Aquabacterium_Comamonadaceae_Burkholderiales_Betaproteobacteria_Proteobacteria;0;0,004985095;0;0,005023005;0;0;0;0;0;0;0;0;0;0;0;0;0;0;0;0;0;0;0
Aquamicrobium_Phyllobacteriaceae_Rhizobiales_Alphaproteobacteria_Proteobacteria;0;0;0;0;0;0;0;0;0;0;0;0,01984945;0,013675276;0;0;0,004668752;0,012978142;0;0;0;0;0;0,008976413
Aquimonas_Xanthomonadaceae_Xanthomonadales_Gammaproteobacteria_Proteobacteria;0;0;0;0;0;0;0;0;0;0;0;0;0;0;0;0;0;0;0;0;0;0;0
Arcobacter_Campylobacteraceae_Campylobacterales_Epsilonproteobacteria_Proteobacteria;0;0;0;0;0;0;0;0;0;0;0;0;0;0;0;0;0;0;0;0;0;0;0
Arenibacter_Flavobacteriaceae_Flavobacteriales_Flavobacteriia_Bacteroidetes;0,004471272;0;0,016720544;0,012055213;0,014010583;0;0;0,008808956;0,010586812;0;0;0;0,007293481;0;0,004791245;0;0;0;0;0,002295368;0;0;0
Arthrobacter_Micrococcaceae_Micrococcales_Actinobacteria_Actinobacteria;0,006259781;0,004985095;0;0;0,008621897;0;0;0,007340796;0,009830611;0;0,00457239;0;0;0;0;0;0;0;0;0;0,003965871;0;0
Aureimonas_Aurantimonadaceae_Rhizobiales_Alphaproteobacteria_Proteobacteria;0;0;0;0;0;0;0;0;0;0;0;0;0;0;0;0;0;0;0;0;0;0;0
Azoarcus_Rhodocyclaceae_Rhodocyclales_Betaproteobacteria_Proteobacteria;0,00804829;0;0,005573515;0;0;0;0;0;0;0;0;0;0;0;0;0;0;0;0;0;0;0;0
Bacillus_Bacillaceae_Bacillales_Bacilli_Firmicutes;0,005365526;0;0;0;0;0;0;0;0;0;0;0;0;0;0;0;0;0;0;0;0;0;0
Bacteriovorax_Bacteriovoracaceae_Bdellovibrionales_Deltaproteobacteria_Proteobacteria;0;0;0;0;0;0;0;0;0;0;0;0;0;0;0;0;0;0;0;0;0;0;0
BAL58-marine-group_Comamonadaceae_Burkholderiales_Betaproteobacteria_Proteobacteria;0;0;0;0;0;0;0;0;0;0;0;0;0;0;0;0;0;0;0;0;0;0;0
Balneola_Unknown-Family_Order-III_Cytophagia_Bacteroidetes;0;0;0;0;0,00754416;0;0;0;0,008318209;0;0;0;0;0;0;0;0;0;0;0;0;0;0
Bartonella_Bartonellaceae_Rhizobiales_Alphaproteobacteria_Proteobacteria;0;0;0;0;0;0;0;0;0;0;0;0;0,008205166;0,007709506;0;0;0;0;0;0,002295368;0;0;0
Bauldia_Rhizobiales-Incertae-Sedis_Rhizobiales_Alphaproteobacteria_Proteobacteria;0;0,018943359;0;0,027124229;0;0;0,035171535;0;0;0;0;0;0;0;0;0,013228131;0,019808743;0;0,011096764;0;0,003965871;0;0
BD1-7-clade_Spongiibacteraceae_Cellvibrionales_Gammaproteobacteria_Proteobacteria;0;0;0;0;0;0;0;0;0;0;0;0;0;0;0;0;0;0;0;0;0;0;0
Blastomonas_Sphingomonadaceae_Sphingomonadales_Alphaproteobacteria_Proteobacteria;0,8380434;0,400626;0,4476615;0,7532518;0,5254064;0,463427;1,0083767;0,4367132;0,5725821;0,9437096;0,6965862;0,4855878;2,1547645;0,8469554;0,9923235;2,5114573;0,8045816;0,7356557;2,1721532;0,9099346;1,0838727;1,9406183;0,8849103
Blastopirellula_Planctomycetaceae_Planctomycetales_Planctomycetacia_Planctomycetes;0;0;0;0;0;0;0;0;0;0;0;0;0;0;0;0;0;0;0;0;0;0;0
Bosea_Bradyrhizobiaceae_Rhizobiales_Alphaproteobacteria_Proteobacteria;0,00804829;0,015952303;0,02136514;0,008036809;0,019399269;0,013006015;0,014654806;0,008074876;0,006805808;0,007976178;0,006401346;0,003817202;0,009116851;0,012114938;0,012457238;0,003890627;0,008196721;0;0,00605278;0,00642703;0,007365189;0;0
Boseongicola_Rhodobacteraceae_Rhodobacterales_Alphaproteobacteria_Proteobacteria;0;0;0;0;0;0;0;0;0;0;0;0;0;0,006608148;0;0;0;0;0;0;0;0;0
Bradyrhizobium_Bradyrhizobiaceae_Rhizobiales_Alphaproteobacteria_Proteobacteria;0;0;0;0;0;0;0;0;0;0;0;0;0;0;0;0;0;0;0;0;0;0;0
Brevundimonas_Caulobacteraceae_Caulobacterales_Alphaproteobacteria_Proteobacteria;0,032193159;0,028913548;0,037156764;0,027124229;0,023710218;0,032515038;0,021982209;0,029363186;0,034029038;0,016838598;0,023776428;0,018322569;0,034644033;0,00550679;0,025872725;0,01167188;0,011612022;0,029823721;0;0,010099619;0,010764507;0,009249933;0,011047893
Brucella_Brucellaceae_Rhizobiales_Alphaproteobacteria_Proteobacteria;0;0;0;0;0;0;0;0;0;0;0;0;0;0;0;0;0;0;0;0;0;0;0
Burkholderia_Burkholderiaceae_Burkholderiales_Betaproteobacteria_Proteobacteria;0;0;0;0;0;0;0;0;0;0;0;0;0;0;0;0;0;0;0;0;0;0;0
Caenimonas_Comamonadaceae_Burkholderiales_Betaproteobacteria_Proteobacteria;0;0;0;0;0;0;0;0;0;0;0;0;0;0;0;0;0;0;0;0;0;0;0
Candidatus-Aquiluna_Microbacteriaceae_Micrococcales_Actinobacteria_Actinobacteria;0;0;0;0;0;0;0;0;0;0;0;0;0;0;0;0;0;0;0;0;0;0;0
Caulobacter_Caulobacteraceae_Caulobacterales_Alphaproteobacteria_Proteobacteria;0,768164543;0,77966879;0,539702003;0,978481445;1,015228426;0,768438736;0,750326069;1,272160029;1,060193587;1,156545783;1,204367547;1,040569221;0,870659239;1,363481172;0,773307013;0,985884806;1,285519126;1,699952069;0,816116536;1,178441904;0,878157116;0,873604802;0,533060819
CB31G03_Microbacteriaceae_Micrococcales_Actinobacteria_Actinobacteria;0;0;0;0;0;0;0;0;0;0;0;0;0;0;0;0;0;0;0;0;0;0;0
Celeribacter_Rhodobacteraceae_Rhodobacterales_Alphaproteobacteria_Proteobacteria;0;0;0;0;0;0;0;0;0;0;0;0;0;0;0;0;0;0;0;0;0;0;0
Chelativorans_Phyllobacteriaceae_Rhizobiales_Alphaproteobacteria_Proteobacteria;0;0;0;0;0;0;0;0,003670398;0;0;0;0;0;0;0;0;0;0;0;0;0;0;0
Chlorochromatium_Comamonadaceae_Burkholderiales_Betaproteobacteria_Proteobacteria;0,015202325;0,024925473;0,005573515;0;0,008621897;0,007586842;0;0,007340796;0,006805808;0;0,007315824;0,004580642;0;0;0;0;0;0;0;0,003213515;0;0,018499866;0,004833453
Christensenellaceae-R-7-group_Christensenellaceae_Clostridiales_Clostridia_Firmicutes;0;0;0;0;0;0;0;0;0;0;0;0;0;0;0;0;0;0;0;0;0;0;0
Citreicella_Rhodobacteraceae_Rhodobacterales_Alphaproteobacteria_Proteobacteria;0;0;0;0;0;0;0;0;0;0;0;0;0;0;0;0;0;0;0;0;0;0;0
Cloacibacterium_Flavobacteriaceae_Flavobacteriales_Flavobacteriia_Bacteroidetes;0;0;0;0;0;0;0;0;0;0;0;0;0;0;0;0;0;0;0;0;0;0;0
Clostridium-sensu-stricto-13_Clostridiaceae-1_Clostridiales_Clostridia_Firmicutes;0;0;0;0;0;0;0;0;0;0;0;0;0;0;0;0;0;0;0;0;0;0;0
Cobetia_Halomonadaceae_Oceanospirillales_Gammaproteobacteria_Proteobacteria;0;0;0;0,014064415;0;0;0;0,01982015;0,031004235;0,016838598;0,00914478;0,011451606;0,024615497;0,007709506;0;0,006225003;0,008196721;0,015976993;0,007061577;0,004131662;0,013597271;0;0
Cohaesibacter_Phyllobacteriaceae_Rhizobiales_Alphaproteobacteria_Proteobacteria;0;0;0;0;0;0;0;0;0;0;0;0,003817202;0;0;0;0;0;0;0;0;0;0;0
Colwellia_Colwelliaceae_Alteromonadales_Gammaproteobacteria_Proteobacteria;0;0;0;0,006027606;0;0;0;0;0;0;0;0;0;0;0;0;0;0;0;0;0;0;0
Comamonas_Comamonadaceae_Burkholderiales_Betaproteobacteria_Proteobacteria;0,02235636;0,023928454;0,007431353;0,036165639;0,025865692;0,027095865;0,038102496;0;0,02722323;0,033677195;0,02286195;0,043516101;0,050142679;0,046257035;0,029705722;0,043575019;0,040300546;0,048996112;0,042369462;0,040857549;0,049856662;0,02877757;0,032453185
Crocinitomix_Cryomorphaceae_Flavobacteriales_Flavobacteriia_Bacteroidetes;0;0;0;0;0;0;0;0;0;0;0;0;0;0;0;0;0;0;0;0;0;0;0
Cupriavidus_Burkholderiaceae_Burkholderiales_Betaproteobacteria_Proteobacteria;0,41314554;0,53440214;0,67346635;0,58166402;0,50869195;0,36525226;0,47188475;0,40594604;0,50211736;0,38019781;0,3785939;0,28781702;0,43760883;0,51763825;0,66406662;0,15329069;0,36202186;0,32699579;0,26026955;0,26672176;0,4844028;0,12436021;0,25893498
Defluviicoccus_Rhodospirillaceae_Rhodospirillales_Alphaproteobacteria_Proteobacteria;0;0;0;0;0;0;0;0,003670398;0;0;0;0,006870963;0,011851906;0;0,005749495;0,014006256;0,004098361;0;0;0,010558693;0,008498295;0,006166622;0,004833453
Defluviimonas_Rhodobacteraceae_Rhodobacterales_Alphaproteobacteria_Proteobacteria;0,03845294;0,034895662;0,05201947;0,048220851;0,020477006;0,021676692;0,010258364;0,085153239;0,080913491;0,033677195;0,039322555;0,045806422;0,021880442;0,045155677;0,007665993;0,003890627;0,029371585;0,052191511;0,025219918;0,015149428;0,03229352;0;0,029000718
Deinococcus_Deinococcaceae_Deinococcales_Deinococci_Deinococcus-Thermus;0;0;0;0;0;0;0;0;0;0;0;0;0,014586961;0,006608148;0,006707744;0,007781253;0,010928962;0,006390797;0,013114357;0,02938071;0,055522192;0,033916422;0,060072916
Delftia_Comamonadaceae_Burkholderiales_Betaproteobacteria_Proteobacteria;0;0;0;0;0;0;0;0;0;0;0;0;0;0;0;0;0;0;0;0;0;0;0
Desulfovibrio_Desulfovibrionaceae_Desulfovibrionales_Deltaproteobacteria_Proteobacteria;0,004471272;0,00897317;0,004644596;0;0;0,020592858;0,014654806;0;0,005293406;0,005317452;0,008230302;0,003817202;0;0;0,023956227;0,024900011;0;0,009586196;0,00605278;0,004590736;0,009064848;0,008222163;0,00621444
Devosia_Hyphomicrobiaceae_Rhizobiales_Alphaproteobacteria_Proteobacteria;0,067069081;0,038883738;0,06223758;0,02812883;0,048498173;0,037934211;0,049826341;0,025692788;0,055202662;0,037222163;0,032921209;0,051150505;0,046495938;0,030838023;0,043121209;0,028790638;0,05942623;0,051126378;0,039343072;0,027544415;0,060621169;0,044194125;0,032453185
Diplosphaera_Opitutaceae_Opitutales_Opitutae_Verrucomicrobia;0;0;0;0;0;0;0;0;0;0;0;0;0;0;0;0;0;0;0;0;0;0;0
Dokdonella_Xanthomonadaceae_Xanthomonadales_Gammaproteobacteria_Proteobacteria;0;0;0;0;0;0;0;0;0,004537205;0,00443121;0,005486868;0,006107523;0;0;0,005749495;0;0;0,009586196;0,00605278;0,007345177;0,004532424;0;0,007595426
Dokdonia_Flavobacteriaceae_Flavobacteriales_Flavobacteriia_Bacteroidetes;0;0;0;0;0;0;0;0;0;0;0;0;0;0,00550679;0;0;0,004781421;0;0;0;0;0;0
Dyadobacter_Cytophagaceae_Cytophagales_Cytophagia_Bacteroidetes;0;0,005982113;0;0;0,006466423;0;0;0,005138558;0,006049607;0;0;0;0,006381795;0;0;0;0;0;0;0;0;0;0
Endozoicomonas_Hahellaceae_Oceanospirillales_Gammaproteobacteria_Proteobacteria;0;0;0;0;0;0;0;0;0;0;0;0;0;0;0;0;0;0;0;0;0;0;0
Ensifer_Rhizobiaceae_Rhizobiales_Alphaproteobacteria_Proteobacteria;0;0;0;0;0;0;0;0;0;0;0,00457239;0;0;0;0;0;0;0;0;0;0;0;0
Erythrobacter_Erythrobacteraceae_Sphingomonadales_Alphaproteobacteria_Proteobacteria;0,037558685;0,013958265;0,04180136;0,046211649;0,005388686;0,048772557;0,016120287;0,044044779;0,029491833;0,047857067;0,042980467;0,048096743;0,06655301;0,082601848;0,056536696;0,057581275;0,044398907;0,061777707;0,020175934;0,044071065;0,044757685;0,052416288;0,036596144
Escherichia-Shigella_Enterobacteriaceae_Enterobacteriales_Gammaproteobacteria_Proteobacteria;0,140397943;0,11964227;0,176494631;0,129593538;0,114240141;0,065030076;0,064481147;0,14608185;0,131578947;0,073558084;0,083217499;0,080924679;0,038290773;0,025331233;0,01054074;0,017118757;0,015027322;0,015976993;0;0,008722398;0,033426626;0,013361015;0,008976413
Exiguobacterium_Family-XII_Bacillales_Bacilli_Firmicutes;0,006259781;0;0;0;0;0;0;0,004404478;0;0;0;0;0;0;0;0;0;0;0;0;0;0;0
Falsirhodobacter_Rhodobacteraceae_Rhodobacterales_Alphaproteobacteria_Proteobacteria;0,033087413;0,0368897;0,048303794;0,031142633;0,017243795;0,055275565;0,026378651;0,028629106;0,038566243;0,037222163;0,016460604;0,017559128;0,009116851;0,022027159;0;0,008559379;0,019808743;0;0;0;0,00566553;0;0
Ferrovibrio_Rhodospirillaceae_Rhodospirillales_Alphaproteobacteria_Proteobacteria;3,1853342;3,4516795;5,5865195;8,9690784;8,1940358;4,3277516;6,3294107;7,1528721;9,1364186;6,3977809;6,8512693;5,2081902;8,2935991;8,1092988;11,3312955;5,0850491;7,3736339;5,9519625;5,3042531;6,762154;5,8626902;4,0843594;4,9950284
Ferruginibacter_Chitinophagaceae_Sphingobacteriales_Sphingobacteriia_Bacteroidetes;0;0;0;0;0;0;0;0;0;0;0;0;0;0;0;0;0;0;0;0;0;0;0
Filomicrobium_Hyphomicrobiaceae_Rhizobiales_Alphaproteobacteria_Proteobacteria;0;0,007976151;0;0;0;0;0;0;0;0;0;0;0;0;0;0;0;0;0;0,002295368;0;0;0
Flavobacterium_Flavobacteriaceae_Flavobacteriales_Flavobacteriia_Bacteroidetes;0,015202325;0,011964227;0,012075948;0,011050612;0,006466423;0,008670677;0;0,019086071;0,011343013;0;0,005486868;0;0,008205166;0;0,004791245;0,014784381;0,005464481;0;0;0,002754442;0;0,008222163;0
Fluviicola_Cryomorphaceae_Flavobacteriales_Flavobacteriia_Bacteroidetes;1,541694612;1,955154089;1,509493553;0,852906311;1,142401414;1,128271826;0,488005041;0,510185355;0,691923775;0,321705839;0,363047772;0,388591147;0,642737973;0,265427272;0,362218155;0,217875095;0,198770492;0,210896309;0,101888467;0,371849607;0,317269668;0,146971161;0,158813456
Frankia_Frankiaceae_Frankiales_Actinobacteria_Actinobacteria;0;0;0;0;0;0;0;0;0;0;0;0;0;0;0;0;0;0;0;0;0;0;0
Frondihabitans_Microbacteriaceae_Micrococcales_Actinobacteria_Actinobacteria;0;0;0;0;0;0;0;0;0;0;0;0,003817202;0;0;0;0;0;0,006390797;0;0;0;0;0
Gallaecimonas_Unknown-Family_Gammaproteobacteria-Incertae-Sedis_Gammaproteobacteria_Proteobacteria;0,00804829;0,025922492;0,007431353;0,044202447;0,008621897;0,008670677;0,007327403;0,017617912;0,02646703;0,028359743;0,031092253;0,038172018;0,035555718;0,020925802;0,02108148;0,04513127;0,052595628;0,050061245;0,063554193;0,060597714;0,056088745;0,031860881;0,028310225
Gemmobacter_Rhodobacteraceae_Rhodobacterales_Alphaproteobacteria_Proteobacteria;0,007154035;0,010967208;0,034370007;0;0,210158751;0,036850377;0,019051248;0,005872637;0,008318209;0;0;0;0,009116851;0;0;0;0;0;0;0,011935913;0;0;0,010357399
GKS98-freshwater-group_Alcaligenaceae_Burkholderiales_Betaproteobacteria_Proteobacteria;0;0,010967208;0;0,005023005;0,017243795;0,008670677;0;0;0;0;0;0;0,006381795;0;0;0;0;0;0;0;0,002832765;0;0
Gordonia_Nocardiaceae_Corynebacteriales_Actinobacteria_Actinobacteria;0;0;0;0;0;0;0;0;0;0;0;0;0;0;0;0;0;0;0;0;0;0;0
Haematobacter_Rhodobacteraceae_Rhodobacterales_Alphaproteobacteria_Proteobacteria;0;0;0;0;0,00754416;0;0;0;0;0;0;0;0;0;0;0;0;0;0;0;0;0;0
Halomonas_Halomonadaceae_Oceanospirillales_Gammaproteobacteria_Proteobacteria;0;0;0;0;0;0;0;0;0;0;0;0,006107523;0;0;0;0;0,003415301;0;0;0;0;0;0
Hoeflea_Phyllobacteriaceae_Rhizobiales_Alphaproteobacteria_Proteobacteria;0,9827856;1,0877476;1,1407127;1,3331056;1,2922069;1,1000921;0,984803;0,9498991;1,4405626;0,879152;0,9638598;1,0275907;1,2973279;1,2401291;1,4709123;1,0473567;1,1714481;1,2653779;1,3689371;1,2271037;1,3393312;0,8026886;0,7926863
Hydrogenophaga_Comamonadaceae_Burkholderiales_Betaproteobacteria_Proteobacteria;0,124301364;0,129612459;0,070597852;0,072331277;0,07651934;0,078036092;0,07327403;0,089557717;0,105868119;0,058491971;0,055783159;0,080924679;0,06290627;0,069385552;0,019164982;0,027234387;0,034836066;0,025563189;0,019167137;0,028462563;0,027761096;0,007194392;0,008976413
Hyphomicrobium_Hyphomicrobiaceae_Rhizobiales_Alphaproteobacteria_Proteobacteria;0,045606975;0;0,024151897;0,058266862;0,00754416;0,037934211;0,065946627;0,035969903;0,06276467;0,073558084;0,094191236;0,087795642;0,223362842;0,115642587;0,162902345;0,190640708;0,094945355;0,102252756;0,208820918;0,215305513;0,182430059;0,153137783;0,15121803
Hyphomonas_Hyphomonadaceae_Caulobacterales_Alphaproteobacteria_Proteobacteria;0,312094791;0,442676398;0,476535503;0,258182476;0,212314225;0,403186474;0,225684013;0,308313452;0,227616455;0,302208515;0,32738313;0,351946009;0,495956677;0,327103318;0,234771026;0,12527818;0,287568306;0,279064813;0,155354693;0,336960015;0,179030741;0,241526033;0,207147987
Idiomarina_Idiomarinaceae_Alteromonadales_Gammaproteobacteria_Proteobacteria;0;0;0;0;0;0;0;0;0;0;0;0;0;0;0;0;0;0;0;0;0;0;0
Ilumatobacter_Acidimicrobiaceae_Acidimicrobiales_Acidimicrobiia_Actinobacteria;0,040241449;0,016949322;0,035298926;0,017078218;0,012932846;0,029263534;0,013189325;0,034501743;0,027979431;0,014179872;0,014631648;0,008397844;0,013675276;0;0;0;0,005464481;0;0;0,002295368;0,003965871;0;0
Imperialibacter_Flammeovirgaceae_Cytophagales_Cytophagia_Bacteroidetes;0,02235636;0,032901624;0,02136514;0,042193245;0,014010583;0,022760527;0,021982209;0,008808956;0,020417423;0,006203694;0,006401346;0,004580642;0;0,00550679;0,009582491;0;0;0;0;0;0,005098977;0;0
Jahnella_Polyangiaceae_Myxococcales_Deltaproteobacteria_Proteobacteria;0,005365526;0;0;0;0;0;0;0;0;0;0;0;0;0;0;0;0;0;0;0;0;0;0
Jannaschia_Rhodobacteraceae_Rhodobacterales_Alphaproteobacteria_Proteobacteria;0;0;0;0;0;0;0;0;0;0;0;0;0;0;0;0;0;0;0;0;0;0;0
Jatrophihabitans_Frankiaceae_Frankiales_Actinobacteria_Actinobacteria;0;0;0;0;0;0;0;0;0;0;0;0;0;0;0;0;0;0;0;0;0;0;0
Jhaorihella_Rhodobacteraceae_Rhodobacterales_Alphaproteobacteria_Proteobacteria;0;0;0;0;0;0;0;0;0;0;0;0;0;0;0;0;0;0;0;0;0;0;0
Kaistia_Rhizobiaceae_Rhizobiales_Alphaproteobacteria_Proteobacteria;0;0;0;0;0;0;0;0;0;0;0;0;0,006381795;0;0;0;0;0;0;0;0;0;0
Kerstersia_Alcaligenaceae_Burkholderiales_Betaproteobacteria_Proteobacteria;0,007154035;0;0,005573515;0,008036809;0;0;0;0;0,015124017;0;0,008230302;0;0;0;0,007665993;0;0;0;0;0;0;0;0
Ketogulonicigenium_Rhodobacteraceae_Rhodobacterales_Alphaproteobacteria_Proteobacteria;0,024144869;0,010967208;0,012075948;0,014064415;0,006466423;0,017341354;0,008792884;0,019086071;0,008318209;0,00886242;0;0,011451606;0;0,008810864;0,005749495;0;0,004098361;0;0;0,003672589;0;0;0
Kiloniella_Sphingomonadales-Incertae-Sedis_Sphingomonadales_Alphaproteobacteria_Proteobacteria;0;0;0;0;0;0;0;0;0;0;0;0;0;0;0;0;0;0;0;0;0;0;0
Klebsiella_Enterobacteriaceae_Enterobacteriales_Gammaproteobacteria_Proteobacteria;0;0;0;0;0;0;0;0;0,003781004;0;0;0;0;0;0;0;0;0;0;0;0;0;0
Kordiimonas_Kordiimonadaceae_Kordiimonadales_Alphaproteobacteria_Proteobacteria;0;0;0;0;0;0;0;0;0;0;0;0;0;0;0;0;0;0;0;0;0;0;0
Labrenzia_Rhodobacteraceae_Rhodobacterales_Alphaproteobacteria_Proteobacteria;0;0;0;0;0;0;0;0;0;0;0;0;0;0;0;0;0;0;0;0;0;0;0
Labrys_Xanthobacteraceae_Rhizobiales_Alphaproteobacteria_Proteobacteria;0;0;0;0;0,006466423;0;0;0,006606717;0,004537205;0,005317452;0;0,008397844;0,011851906;0,009912222;0,004791245;0,003890627;0;0,005325664;0,015131951;0,007804251;0,016430036;0,006166622;0,011047893
Lapillicoccus_Intrasporangiaceae_Micrococcales_Actinobacteria_Actinobacteria;0;0;0;0;0;0;0;0;0;0;0;0;0;0;0;0;0;0;0,005043984;0;0,002832765;0;0
Lentibacter_Rhodobacteraceae_Rhodobacterales_Alphaproteobacteria_Proteobacteria;0;0;0;0;0;0;0;0;0;0;0;0;0;0;0;0;0;0;0;0;0;0;0
Leptothrix_Comamonadaceae_Burkholderiales_Betaproteobacteria_Proteobacteria;0;0;0,05201947;0;0;0,010838346;0;0,045512938;0;0;0;0;0;0;0;0;0;0;0,022193528;0;0;0;0
Lewinella_Saprospiraceae_Sphingobacteriales_Sphingobacteriia_Bacteroidetes;0,004471272;0;0;0;0;0;0;0;0,015124017;0;0;0;0,00547011;0;0;0;0;0;0;0;0;0;0
Limnobacter_Burkholderiaceae_Burkholderiales_Betaproteobacteria_Proteobacteria;0;0;0,006502434;0,005023005;0;0,006503008;0;0;0;0;0;0,005344083;0;0;0;0;0;0;0;0;0;0;0
Limnohabitans_Comamonadaceae_Burkholderiales_Betaproteobacteria_Proteobacteria;0;0;0;0,005023005;0;0;0,316543811;0,01982015;0,070326679;0,15686483;0;0;0,010940221;0,088108638;0,300890213;0;0,040300546;0;0,219917682;0,082174173;0,321802092;0,052416288;0,268601889
Loktanella_Rhodobacteraceae_Rhodobacterales_Alphaproteobacteria_Proteobacteria;0,004471272;0,040877775;0,026938654;0,011050612;0,015088321;0,008670677;0,008792884;0,005138558;0,005293406;0,00443121;0,012802692;0;0;0,007709506;0,006707744;0;0;0;0;0;0;0;0,00621444
Luteimonas_Xanthomonadaceae_Xanthomonadales_Gammaproteobacteria_Proteobacteria;0;0;0;0;0;0;0;0;0;0;0;0;0;0;0;0;0;0;0;0;0;0;0
Lutibacter_Flavobacteriaceae_Flavobacteriales_Flavobacteriia_Bacteroidetes;0;0;0;0;0;0;0;0;0;0;0;0;0;0;0;0;0;0;0,005043984;0;0;0;0
Magnetospira_Rhodospirillaceae_Rhodospirillales_Alphaproteobacteria_Proteobacteria;0;0;0;0;0;0;0;0;0;0;0;0;0;0;0;0;0;0;0;0;0;0;0
Maricaulis_Hyphomonadaceae_Caulobacterales_Alphaproteobacteria_Proteobacteria;0,012519562;0,01794634;0,027867573;0,008036809;0,011855109;0,010838346;0;0,024958708;0,006805808;0;0;0;0;0;0;0;0;0;0;0;0,002832765;0;0
Marinicella_Family-Incertae-Sedis_Order-Incertae-Sedis_Gammaproteobacteria_Proteobacteria;0,004471272;0;0,006502434;0;0;0;0;0,005138558;0,008318209;0,005317452;0;0;0;0;0;0;0;0;0;0;0;0;0
Marinobacterium_Oceanospirillaceae_Oceanospirillales_Gammaproteobacteria_Proteobacteria;0,10731053;0,055833059;0,110541374;0,061280665;0,057120071;0,046604888;0,029309612;0,118920903;0,129310345;0,023042291;0,039322555;0,016795688;0,060171214;0,007709506;0;0,007003128;0,022540984;0,00745593;0;0;0,018129695;0;0,00414296
Marinomonas_Oceanospirillaceae_Oceanospirillales_Gammaproteobacteria_Proteobacteria;0;0,005982113;0;0;0;0,005419173;0;0;0,003781004;0;0;0;0;0;0;0;0;0;0;0;0;0;0
Maritalea_Hyphomicrobiaceae_Rhizobiales_Alphaproteobacteria_Proteobacteria;0;0;0;0;0;0;0;0;0;0;0;0;0;0;0;0;0;0;0;0;0;0;0
Marivita_Rhodobacteraceae_Rhodobacterales_Alphaproteobacteria_Proteobacteria;0;0;0;0;0;0;0;0;0,005293406;0;0;0;0;0;0;0;0;0;0;0;0;0;0
Marmoricola_Nocardioidaceae_Propionibacteriales_Actinobacteria_Actinobacteria;0;0;0;0;0;0;0;0;0;0;0;0;0;0;0;0;0;0;0;0;0;0;0
Massilia_Oxalobacteraceae_Burkholderiales_Betaproteobacteria_Proteobacteria;1,842164096;1,782669817;2,327871289;1,39539089;1,185510901;1,726548529;1,472808007;1,391080932;1,206140351;1,492431493;1,266552052;1,197837937;1,488781715;1,233520931;0,82888546;0,636506528;0,958333333;0,74452788;0,539706238;0,858008539;0,887788517;0,545746059;0,651825664
Mesorhizobium_Phyllobacteriaceae_Rhizobiales_Alphaproteobacteria_Proteobacteria;0,24681422;0,13459755;0,23222978;0,27325149;0,17351569;0,16691053;0,2344769;0,21508534;0,14216576;0,17636215;0,19844173;0,29545142;0,25709519;0,14758197;0,13511312;0,08170316;0,12226776;0,31208393;0,2461464;0,12991783;0,19262801;0,13463792;0,1132409
Methylibium_Comamonadaceae_Burkholderiales_Betaproteobacteria_Proteobacteria;1,238542365;0,018943359;2,4207632;0,010046011;0,010777372;0,035766542;0,032240573;0,786199303;0,049153055;2,609096388;0,010059258;0,010688165;0,034644033;0,041851603;0,786722501;1,2006474;0,005464481;0;1,144984263;0,047743653;1,137071828;0,021583177;1,173148097
Methylobacterium_Methylobacteriaceae_Rhizobiales_Alphaproteobacteria_Proteobacteria;0,027721887;0,026919511;0,033441088;0,012055213;0,014010583;0,044437219;0,036637015;0,025692788;0,010586812;0,012407388;0;0,02061289;0,009116851;0,037446171;0,039288213;0,003890627;0,012978142;0,011716462;0;0,018362944;0,029460755;0;0,009666906
Methyloferula_Beijerinckiaceae_Rhizobiales_Alphaproteobacteria_Proteobacteria;0;0;0;0;0;0;0;0;0;0;0;0;0;0;0;0;0;0;0;0;0;0;0
Methylosinus_Methylocystaceae_Rhizobiales_Alphaproteobacteria_Proteobacteria;0,016096579;0,00897317;0,013004868;0,014064415;0,005388686;0,009754511;0,013189325;0,008074876;0,012855414;0,007976178;0,010973736;0,009161284;0,00547011;0,01101358;0;0;0;0,005325664;0,005043984;0,007804251;0,005098977;0;0
Methylotenera_Methylophilaceae_Methylophilales_Betaproteobacteria_Proteobacteria;0,171696848;0,237290501;0,189499498;0,241104257;0,257579187;0,187503387;0,133358735;0,16737016;0,210980036;0,081534262;0,097849148;0,063365551;0,056524474;0,040750245;0,0527037;0,020231259;0,025273224;0,038344784;0,031272698;0,011935913;0,030593861;0,006166622;0,016571839
Methylovirgula_Beijerinckiaceae_Rhizobiales_Alphaproteobacteria_Proteobacteria;0;0;0;0;0;0;0;0;0;0;0;0;0;0;0;0;0;0;0;0;0;0;0
Microbacterium_Microbacteriaceae_Micrococcales_Actinobacteria_Actinobacteria;0,041135703;0,029910567;0,013004868;0,025115027;0,046342699;0,027095865;0,035171535;0,026426867;0,05369026;0,046084583;0,020118516;0,053440826;0,041937513;0,053966541;0,02108148;0,020231259;0,035519126;0,042605315;0,018158341;0,018822017;0,02096246;0,0277498;0,007595426
Micrococcus_Micrococcaceae_Micrococcales_Actinobacteria_Actinobacteria;0,061703555;0,056830078;0,018578382;0,030138032;0,050653648;0,01408985;0,02344769;0,027160947;0,04461585;0,018611082;0,007315824;0,011451606;0,008205166;0,009912222;0;0;0,005464481;0,00745593;0;0,006886104;0,002832765;0;0
Microvirga_Methylobacteriaceae_Rhizobiales_Alphaproteobacteria_Proteobacteria;0;0;0;0;0;0;0;0;0;0;0;0;0;0;0;0;0;0;0;0,003213515;0;0;0
Moraxella_Moraxellaceae_Pseudomonadales_Gammaproteobacteria_Proteobacteria;0;0;0;0;0;0;0;0;0;0;0;0;0,010028536;0,01101358;0,005749495;0;0,004098361;0,009586196;0;0,002295368;0,003965871;0;0
Mycobacterium_Mycobacteriaceae_Corynebacteriales_Actinobacteria_Actinobacteria;0;0;0;0;0;0;0;0;0;0;0;0;0;0;0;0;0;0;0;0;0;0;0
Nakamurella_Nakamurellaceae_Frankiales_Actinobacteria_Actinobacteria;0,023250615;0,010967208;0;0,013059814;0,024787955;0,008670677;0,013189325;0,011745274;0,030248034;0,012407388;0,005486868;0,009161284;0,019145386;0,019824444;0,012457238;0,017118757;0,015027322;0,021302658;0,014123154;0,01147684;0,009064848;0,009249933;0,007595426
Neptunomonas_Oceanospirillaceae_Oceanospirillales_Gammaproteobacteria_Proteobacteria;0;0;0;0;0;0;0;0;0;0;0;0;0;0;0;0;0;0;0;0;0;0;0
Nesiotobacter_Rhodobacteraceae_Rhodobacterales_Alphaproteobacteria_Proteobacteria;0;0;0;0;0;0;0;0;0,004537205;0;0;0;0;0;0;0;0;0;0;0;0;0;0
Nisaea_Rhodospirillaceae_Rhodospirillales_Alphaproteobacteria_Proteobacteria;0;0;0,015791625;0;0,005388686;0;0;0,005872637;0;0;0;0;0;0;0;0;0;0;0;0;0;0;0
Nitratireductor_Phyllobacteriaceae_Rhizobiales_Alphaproteobacteria_Proteobacteria;0,07690588;0,206382915;0,084531639;0,048220851;0,078674814;0,073700753;0,046895379;0,097632593;0,029491833;0,070899358;0,097849148;0,038935459;0,06290627;0,058371973;0,037371714;0,022565635;0,028005464;0,069233637;0,058510209;0,13818115;0,031726967;0,016444326;0,174004309
Nocardioides_Nocardioidaceae_Propionibacteriales_Actinobacteria_Actinobacteria;0;0;0,009289191;0,005023005;0;0;0;0,010277115;0,012099214;0;0,00457239;0,004580642;0;0;0,005749495;0;0;0;0;0;0;0;0
Noviherbaspirillum_Oxalobacteraceae_Burkholderiales_Betaproteobacteria_Proteobacteria;0;0;0,005573515;0;0;0;0;0;0;0;0;0;0;0;0;0;0;0;0;0;0;0;0
Novosphingobium_Sphingomonadaceae_Sphingomonadales_Alphaproteobacteria_Proteobacteria;0,064386318;0,061815173;0,066882176;0,06529907;0,020477006;0,080203761;0,051291821;0,060928611;0,037053842;0,088624198;0,030177775;0,075580596;0,074758176;0,071588268;0,054620198;0,025678136;0,054644809;0,023432923;0,031272698;0,038103108;0,031726967;0,015416555;0,028310225
Oceanibaculum_Rhodospirillaceae_Rhodospirillales_Alphaproteobacteria_Proteobacteria;0,025039124;0,051844983;0,067811095;0,027124229;0,023710218;0,060694738;0,030775093;0,018351991;0,02646703;0,030132227;0,015546126;0,019086009;0,020968757;0,020925802;0,012457238;0,010115629;0,022540984;0,009586196;0;0,008722398;0,008498295;0,005138852;0
Oceanibulbus_Rhodobacteraceae_Rhodobacterales_Alphaproteobacteria_Proteobacteria;0;0,031904605;0,03158325;0;0;0;0;0,029363186;0,020417423;0,018611082;0,012802692;0;0,00547011;0,015419012;0;0;0;0;0;0;0;0;0
Oceanicola_Rhodobacteraceae_Rhodobacterales_Alphaproteobacteria_Proteobacteria;0;0;0;0,010046011;0;0;0;0;0;0;0;0;0;0;0;0;0;0;0;0;0;0;0
Oceaniovalibus_Rhodobacteraceae_Rhodobacterales_Alphaproteobacteria_Proteobacteria;0;0;0;0;0;0;0;0;0;0;0;0;0;0;0;0;0;0;0;0;0;0;0
Oceanisphaera_Aeromonadaceae_Aeromonadales_Gammaproteobacteria_Proteobacteria;3,959758551;3,808612249;4,38264036;2,951517952;2,878636016;2,829892158;1,748318361;3,651312167;3,327283727;1,684746003;2,568768747;1,879590185;1,633739641;0,852451072;0,716770317;0,456759575;0,558743169;0,41859722;0,189653781;0,377358491;0,735952319;0,165471027;0,292769154
Oceanobacter_Oceanospirillaceae_Oceanospirillales_Gammaproteobacteria_Proteobacteria;0;0;0;0;0;0;0;0;0;0;0;0;0;0;0;0;0;0;0;0;0;0;0
Oceanospirillum_Oceanospirillaceae_Oceanospirillales_Gammaproteobacteria_Proteobacteria;0;0;0;0;0;0;0;0;0;0;0;0;0;0;0;0;0;0;0;0;0;0;0
Ochrobactrum_Brucellaceae_Rhizobiales_Alphaproteobacteria_Proteobacteria;0,004471272;0;0;0;0;0;0;0;0;0;0;0;0;0;0;0;0;0;0;0;0;0;0
OM27-clade_Bdellovibrionaceae_Bdellovibrionales_Deltaproteobacteria_Proteobacteria;0;0;0;0;0;0;0;0;0;0;0;0;0;0;0;0;0;0;0;0;0;0;0
OM43-clade_Methylophilaceae_Methylophilales_Betaproteobacteria_Proteobacteria;0,007154035;0;0;0;0,008621897;0,013006015;0;0;0,003781004;0,00886242;0,005486868;0;0;0;0;0;0;0;0;0;0;0;0
Opitutus_Opitutaceae_Opitutales_Opitutae_Verrucomicrobia;0;0;0;0;0;0;0;0;0;0;0;0;0;0;0;0;0;0;0;0;0;0;0
Owenweeksia_Cryomorphaceae_Flavobacteriales_Flavobacteriia_Bacteroidetes;0;0,006979132;0,013004868;0,015069016;0,011855109;0;0;0,006606717;0,006805808;0;0;0;0;0;0;0;0;0;0;0;0;0;0
Oxalicibacterium_Oxalobacteraceae_Burkholderiales_Betaproteobacteria_Proteobacteria;0;0;0;0;0;0;0;0;0;0;0;0;0;0;0;0;0;0;0;0;0;0;0
Palleronia_Rhodobacteraceae_Rhodobacterales_Alphaproteobacteria_Proteobacteria;0;0;0;0;0;0;0;0;0,003781004;0;0;0;0;0;0;0;0;0;0;0;0;0;0
Pannonibacter_Rhodobacteraceae_Rhodobacterales_Alphaproteobacteria_Proteobacteria;0,00804829;0,006979132;0,087318396;0,016073617;0,015088321;0,018425188;0,007327403;0,02128831;0,005293406;0,009748662;0,054868681;0,025193532;0,006381795;0;0,005749495;0;0,080601093;0,008521063;0;0,004590736;0,009064848;0,005138852;0,00414296
Paracocccus_Rhodobacteraceae_Rhodobacterales_Alphaproteobacteria_Proteobacteria;0,023250615;0,018943359;0,011147029;0,010046011;0,009699635;0,01408985;0,008792884;0,005138558;0,020417423;0;0;0;0,00547011;0,006608148;0,008624242;0;0;0;0;0;0;0;0
Paraglaciecola_Alteromonadaceae_Alteromonadales_Gammaproteobacteria_Proteobacteria;0;0;0;0;0;0,005419173;0;0;0;0;0;0;0;0;0;0;0;0;0;0;0;0;0
Parapusillimonas_Alcaligenaceae_Burkholderiales_Betaproteobacteria_Proteobacteria;0,011625307;0,038883738;0,047374875;0,015069016;0,029098904;0;0,007327403;0,022756469;0,013611615;0,006203694;0;0,008397844;0,013675276;0;0,012457238;0;0,006147541;0;0;0,002295368;0,004532424;0;0,00414296
Parasphingopyxis_Sphingomonadaceae_Sphingomonadales_Alphaproteobacteria_Proteobacteria;0;0;0;0;0;0;0;0;0;0;0;0;0;0;0;0;0;0;0;0;0;0;0
Parvibaculum_Rhodobiaceae_Rhizobiales_Alphaproteobacteria_Proteobacteria;0;0;0;0;0;0;0;0;0;0;0;0;0;0;0;0;0;0;0;0;0;0;0
Patulibacter_Patulibacteraceae_Solirubrobacterales_Thermoleophilia_Actinobacteria;0;0;0;0;0;0;0;0;0;0;0;0;0;0;0;0;0;0;0;0;0;0;0
Paucimonas_Oxalobacteraceae_Burkholderiales_Betaproteobacteria_Proteobacteria;0;0;0;0;0;0;0;0;0;0;0;0;0;0;0;0;0;0;0;0;0;0;0
Pedobacter_Sphingobacteriaceae_Sphingobacteriales_Sphingobacteriia_Bacteroidetes;0,004471272;0,005982113;0;0,008036809;0;0;0;0;0;0;0;0;0;0;0;0;0,004781421;0;0;0;0;0;0
Pedomicrobium_Hyphomicrobiaceae_Rhizobiales_Alphaproteobacteria_Proteobacteria;0;0,010967208;0;0,012055213;0;0;0,011723845;0,005138558;0,003781004;0;0;0;0,00547011;0;0,01054074;0;0;0;0;0,003213515;0;0,021583177;0
Pelagibacterium_Hyphomicrobiaceae_Rhizobiales_Alphaproteobacteria_Proteobacteria;0;0;0;0;0;0;0;0;0;0;0;0;0;0;0;0;0;0;0;0;0;0;0
Peredibacter_Bacteriovoracaceae_Bdellovibrionales_Deltaproteobacteria_Proteobacteria;0;0;0;0;0;0;0;0;0;0;0;0;0;0;0;0;0;0;0;0;0;0;0
Perlucidibaca_Moraxellaceae_Pseudomonadales_Gammaproteobacteria_Proteobacteria;0,004471272;0;0,004644596;0;0,006466423;0;0;0,007340796;0;0;0,005486868;0;0;0;0;0;0;0;0;0;0;0;0
Phaeobacter_Rhodobacteraceae_Rhodobacterales_Alphaproteobacteria_Proteobacteria;0;0;0;0;0,005388686;0;0;0;0;0;0;0;0;0;0;0;0;0;0;0;0;0;0
Phaselicystis_Phaselicystidaceae_Myxococcales_Deltaproteobacteria_Proteobacteria;0,09121395;0,057827097;0,113328131;0,08438649;0,088374449;0,092125942;0,010258364;0,080014682;0,097549909;0,023928533;0,068585851;0,037408578;0,042849198;0,00550679;0;0,009337504;0,006147541;0,008521063;0;0,004590736;0,00566553;0;0,003452466
Phenylobacterium_Caulobacteraceae_Caulobacterales_Alphaproteobacteria_Proteobacteria;0;0;0;0;0;0;0,020516728;0;0;0,00443121;0;0;0,004558425;0;0;0,009337504;0,010928962;0;0;0;0,006232083;0;0
Phyllobacterium_Phyllobacteriaceae_Rhizobiales_Alphaproteobacteria_Proteobacteria;0;0;0;0,007032208;0;0;0;0;0,004537205;0;0;0;0;0;0;0;0;0;0;0;0;0;0
Pir4-lineage_Planctomycetaceae_Planctomycetales_Planctomycetacia_Planctomycetes;0;0;0;0;0;0;0;0;0;0;0;0;0;0;0;0;0;0;0;0;0;0;0
Pirellula_Planctomycetaceae_Planctomycetales_Planctomycetacia_Planctomycetes;0,004471272;0;0;0;0,008621897;0;0,013189325;0;0;0,010634904;0;0,004580642;0;0;0;0;0;0;0;0,002295368;0,004532424;0;0,00414296
Planctomyces_Planctomycetaceae_Planctomycetales_Planctomycetacia_Planctomycetes;0,006259781;0;0;0,006027606;0;0,007586842;0;0;0;0;0;0;0;0;0;0;0;0;0;0,002295368;0,009631401;0;0
Planococcus_Planococcaceae_Bacillales_Bacilli_Firmicutes;0,004471272;0,004985095;0,007431353;0,006027606;0;0;0;0;0;0;0;0;0;0;0;0;0;0;0;0;0;0;0
Planomicrobium_Planococcaceae_Bacillales_Bacilli_Firmicutes;0;0;0;0;0;0;0;0;0;0;0;0;0;0;0;0;0;0;0;0;0;0;0
Pleomorphomonas_Methylocystaceae_Rhizobiales_Alphaproteobacteria_Proteobacteria;0;0;0;0;0;0;0;0;0;0;0;0;0;0;0;0;0;0;0;0;0;0;0
Polaribacter_Flavobacteriaceae_Flavobacteriales_Flavobacteriia_Bacteroidetes;0,016990834;0,010967208;0,042730279;0,021096623;0,010777372;0,01408985;0,02344769;0,024958708;0,015124017;0;0,00457239;0,006107523;0,007293481;0,007709506;0;0;0;0,005325664;0;0;0;0;0
Polaromonas_Comamonadaceae_Burkholderiales_Betaproteobacteria_Proteobacteria;0;0;0;0;0;0;0;0;0;0,007089936;0;0;0,008205166;0;0;0;0;0;0;0;0;0;0
Prosthecobacter_Verrucomicrobiaceae_Verrucomicrobiales_Verrucomicrobiae_Verrucomicrobia;0,031298905;0,028913548;0,028796492;0,018082819;0,009699635;0,008670677;0,011723845;0,027895027;0,02646703;0;0,012802692;0,007634404;0,010028536;0;0;0;0;0;0;0;0,002832765;0;0
Pseudahrensia_Phyllobacteriaceae_Rhizobiales_Alphaproteobacteria_Proteobacteria;0;0;0;0;0;0;0;0;0;0;0;0;0;0;0;0;0;0;0;0;0;0;0
Pseudaminobacter_Phyllobacteriaceae_Rhizobiales_Alphaproteobacteria_Proteobacteria;0;0;0;0;0;0;0;0;0;0;0;0;0;0;0;0;0;0;0;0;0;0;0
Pseudoalteromonas_Pseudoalteromonadaceae_Alteromonadales_Gammaproteobacteria_Proteobacteria;0;0;0,01021811;0,00904141;0,008621897;0,008670677;0;0;0,003781004;0;0;0;0;0;0;0;0;0;0;0;0;0;0
Pseudochrobactrum_Brucellaceae_Rhizobiales_Alphaproteobacteria_Proteobacteria;0;0;0;0;0;0;0;0;0;0;0;0;0;0;0;0;0;0;0;0;0;0;0
Pseudolabrys_Xanthobacteraceae_Rhizobiales_Alphaproteobacteria_Proteobacteria;0,006259781;0,00897317;0,007431353;0,02812883;0,017243795;0,011922181;0,016120287;0,02055423;0,015880218;0;0,030177775;0,045042982;0,086610081;0,051763825;0,059411443;0,140062561;0,107240437;0,101187623;0,190662578;0,13175412;0,118976125;0,137721228;0,19748108
Pseudomonas_Pseudomonadaceae_Pseudomonadales_Gammaproteobacteria_Proteobacteria;3,446457;3,897347;5,361721;4,075667;4,161143;3,187558;2,633469;3,777574;4,630218;3,198447;3,323213;2,85603;4,224749;2,654273;3,025192;4,364505;4,013661;4,632263;5,364781;4,283157;4,68256;2,083291;3,132078
Pseudorhodobacter_Rhodobacteraceae_Rhodobacterales_Alphaproteobacteria_Proteobacteria;0,161860049;0,525428967;0,223869505;0,215989231;0,130406199;0,322982713;0,446971584;0,148284089;0,338777979;0,164841008;0,229533982;0,213763303;0,071111435;0,194940361;0,050787202;0,203090714;0,163251366;0,193854183;0,226979259;0,178120553;0,061754275;0,097638184;0,140860631
Pseudospirillum_Oceanospirillaceae_Oceanospirillales_Gammaproteobacteria_Proteobacteria;0;0,006979132;0,007431353;0,005023005;0,00754416;0,005419173;0;0,007340796;0,00907441;0;0,005486868;0;0;0;0;0;0;0;0;0;0;0;0
Pseudoxanthobacter_Xanthobacteraceae_Rhizobiales_Alphaproteobacteria_Proteobacteria;0,141292198;0,113660156;0,072455691;0,252154869;0,062508757;0,274210156;0,14654806;0,067535328;0,024198427;0,190542026;0,067671373;0,105354771;0,13675276;0,178419992;0,197399312;0,072365657;0,117486339;0,161900197;0,042369462;0,47192765;0,076484652;0,054471829;0,061453903
Psychrobacter_Moraxellaceae_Pseudomonadales_Gammaproteobacteria_Proteobacteria;0;0;0;0;0;0;0;0;0;0;0;0;0;0;0;0;0;0;0;0;0;0;0
Pusillimonas_Alcaligenaceae_Burkholderiales_Betaproteobacteria_Proteobacteria;0;0;0;0;0;0;0;0;0;0;0;0;0;0;0,01820673;0;0;0;0;0;0;0;0
Reyranella_Rhodospirillales-Incertae-Sedis_Rhodospirillales_Alphaproteobacteria_Proteobacteria;0,028616141;0,034895662;0,034370007;0,023105825;0,028021167;0,04226955;0,020516728;0,016149752;0,02722323;0,024814775;0,016460604;0,009161284;0,027350552;0,037446171;0,032580469;0,010893755;0,013661202;0,025563189;0,007061577;0,013313134;0,023795225;0,016444326;0,009666906
Rheinheimera_Chromatiaceae_Chromatiales_Gammaproteobacteria_Proteobacteria;0,499888218;0,352944695;0,432876305;0,467139499;0,545335015;0,391264293;0,19490892;0,452927143;0,536902601;0,210039349;0,296290877;0,132838624;0,382907728;0,053966541;0,024914476;0,045909395;0,057377049;0,054321777;0,007061577;0,041316623;0,053822533;0,018499866;0,029691211
Rhizobacter_Comamonadaceae_Burkholderiales_Betaproteobacteria_Proteobacteria;0;0;0;0;0;0;0;0;0;0;0;0;0;0;0;0;0;0;0;0;0;0;0
Rhizobium_Rhizobiaceae_Rhizobiales_Alphaproteobacteria_Proteobacteria;0,057232283;0,022931435;0,005573515;0,109501517;0,075441603;0,005419173;0,026378651;0,024958708;0,065789474;0,092169166;0,01371717;0,048096743;0,124900854;0,060574689;0,108282147;0,059137526;0,033469945;0,108643553;0,07364216;0,094569159;0,039658708;0,073999466;0,119455339
Rhodobacter_Rhodobacteraceae_Rhodobacterales_Alphaproteobacteria_Proteobacteria;0,75743349;0,617154707;0,370638725;0,840851098;0,640175887;0,375006774;0,489470522;0,629840338;0,786448881;0,233081641;0,21673129;0,365687936;0,365585712;0,235690607;0,195482814;0,098043793;0,177595628;0,283325345;0,038334275;0,079419731;0,269112665;0,047277436;0,024167265
Rhodococcus_Nocardiaceae_Corynebacteriales_Actinobacteria_Actinobacteria;0,085848424;0,071785362;0,100323264;0,07534508;0,081908026;0,026012031;0,013189325;0,098366673;0,088475499;0,022156049;0,019204038;0,022139771;0,026438867;0,034142097;0,006707744;0,012450005;0,021174863;0,010651329;0,00907917;0,007804251;0,015863483;0;0,003452466
Rhodoferax_Comamonadaceae_Burkholderiales_Betaproteobacteria_Proteobacteria;0;0;0;0;0;0;0;0;0;0;0;0,007634404;0;0;0;0;0;0,243915428;0;0;0;0;0
Rhodoglobus_Microbacteriaceae_Micrococcales_Actinobacteria_Actinobacteria;0;0;0;0;0;0;0;0;0;0;0;0;0;0;0;0;0;0;0;0;0;0;0
Rhodopirellula_Planctomycetaceae_Planctomycetales_Planctomycetacia_Planctomycetes;0;0;0;0;0;0,005419173;0;0;0;0;0;0;0;0;0;0;0;0;0;0;0;0;0
Rhodoplanes_Hyphomicrobiaceae_Rhizobiales_Alphaproteobacteria_Proteobacteria;0;0;0;0,005023005;0;0;0;0;0;0;0;0,003817202;0;0,006608148;0;0;0;0;0;0;0;0;0,00414296
Rhodovulum_Rhodobacteraceae_Rhodobacterales_Alphaproteobacteria_Proteobacteria;0;0;0;0;0;0;0,010258364;0;0;0;0;0;0;0;0;0;0;0;0;0;0;0;0
Roseicitreum_Rhodobacteraceae_Rhodobacterales_Alphaproteobacteria_Proteobacteria;0;0;0;0;0;0;0;0;0;0;0;0;0;0;0;0;0;0;0;0;0;0;0
Roseicyclus_Rhodobacteraceae_Rhodobacterales_Alphaproteobacteria_Proteobacteria;0;0;0;0;0;0;0;0;0;0;0;0;0;0;0;0;0;0;0;0;0;0;0
Roseivirga_Flammeovirgaceae_Cytophagales_Cytophagia_Bacteroidetes;0;0;0;0;0;0;0;0;0;0;0;0;0;0;0;0;0;0;0;0;0;0;0
Roseivivax_Rhodobacteraceae_Rhodobacterales_Alphaproteobacteria_Proteobacteria;0;0;0;0;0;0;0;0;0;0;0;0;0;0;0;0;0;0;0;0;0;0;0
Roseobacter-clade-CHAB-I-5-lineage_Rhodobacteraceae_Rhodobacterales_Alphaproteobacteria_Proteobacteria;0,014308071;0;0;0;0,025865692;0,007586842;0,010258364;0,009543035;0,005293406;0,015952356;0;0,02061289;0,010940221;0;0;0;0,010245902;0;0;0;0,003399318;0;0
Roseobacter_Rhodobacteraceae_Rhodobacterales_Alphaproteobacteria_Proteobacteria;0;0,007976151;0;0;0;0;0;0;0;0;0;0;0;0;0;0;0;0;0;0;0;0;0
Roseovarius_Rhodobacteraceae_Rhodobacterales_Alphaproteobacteria_Proteobacteria;0;0;0;0;0;0;0,007327403;0;0;0;0;0;0;0;0;0;0;0;0;0;0;0;0
Rubellimicrobium_Rhodobacteraceae_Rhodobacterales_Alphaproteobacteria_Proteobacteria;0;0;0;0;0;0;0;0;0;0;0;0;0;0;0;0;0;0;0;0;0;0;0
Ruegeria_Rhodobacteraceae_Rhodobacterales_Alphaproteobacteria_Proteobacteria;0;0,004985095;0;0;0;0;0;0;0;0;0;0;0;0;0;0;0;0;0;0;0;0;0
Sagittula_Rhodobacteraceae_Rhodobacterales_Alphaproteobacteria_Proteobacteria;0;0;0;0;0;0;0;0;0;0;0;0;0;0;0;0;0;0;0,005043984;0;0;0;0
Salinimonas_Alteromonadaceae_Alteromonadales_Gammaproteobacteria_Proteobacteria;0;0;0;0;0;0;0;0;0;0;0;0;0;0;0;0;0;0;0;0;0;0;0
Salinirepens_Cryomorphaceae_Flavobacteriales_Flavobacteriia_Bacteroidetes;0;0;0;0;0;0;0;0;0;0;0;0;0;0;0;0;0;0;0;0;0;0;0
Sandaracinus_Sandaracinaceae_Myxococcales_Deltaproteobacteria_Proteobacteria;0;0;0;0;0;0;0;0;0;0;0;0;0;0;0;0;0;0;0;0;0;0;0
SAR92-clade_Porticoccaceae_Cellvibrionales_Gammaproteobacteria_Proteobacteria;0;0;0;0;0;0;0;0;0;0;0;0;0;0;0;0;0;0;0;0;0;0;0
Sedimentitalea_Rhodobacteraceae_Rhodobacterales_Alphaproteobacteria_Proteobacteria;0;0;0;0;0;0;0;0;0;0;0;0;0;0;0;0;0;0;0;0;0,006232083;0;0
Sediminibacterium_Chitinophagaceae_Sphingobacteriales_Sphingobacteriia_Bacteroidetes;0;0;0;0;0;0;0;0;0;0;0;0;0;0;0;0;0;0;0;0;0;0;0
Sediminicola_Flavobacteriaceae_Flavobacteriales_Flavobacteriia_Bacteroidetes;0;0;0;0;0;0;0;0;0;0;0;0;0;0;0;0;0;0;0;0;0;0;0
Seohaeicola_Rhodobacteraceae_Rhodobacterales_Alphaproteobacteria_Proteobacteria;0;0;0,044588117;0,017078218;0;0,022760527;0;0,008074876;0,015880218;0;0,00914478;0,003817202;0;0;0;0;0;0;0;0,002295368;0,003399318;0;0
Shewanella_Shewanellaceae_Alteromonadales_Gammaproteobacteria_Proteobacteria;0,00804829;0,004985095;0,02136514;0;0,006466423;0,006503008;0;0,009543035;0,006805808;0;0,007315824;0,005344083;0,004558425;0;0;0;0;0;0;0;0,002832765;0;0
Shimia_Rhodobacteraceae_Rhodobacterales_Alphaproteobacteria_Proteobacteria;0;0;0;0;0;0;0;0;0;0;0;0;0;0;0;0;0;0;0;0;0;0;0
Shinella_Rhizobiaceae_Rhizobiales_Alphaproteobacteria_Proteobacteria;0,273641851;0,099701891;0,362278453;0,249141066;0,233868969;0,395599631;0,211029207;0,35382639;0,320629159;0,195859477;0,271599971;0,261096606;0,215157676;0,276440852;0,226146785;0,18363758;0,270491803;0,184267987;0,196715358;0,009640545;0,348430082;0,162387716;0,017262332
Sideroxydans_Gallionellaceae_Nitrosomonadales_Betaproteobacteria_Proteobacteria;0;0;0;0;0;0;0;0;0;0;0;0;0;0;0;0;0;0;0;0;0;0;0
Simiduia_Cellvibrionaceae_Cellvibrionales_Gammaproteobacteria_Proteobacteria;0;0;0;0;0;0;0;0;0;0;0;0;0;0;0;0;0;0;0;0;0;0;0
Simplicispira_Comamonadaceae_Burkholderiales_Betaproteobacteria_Proteobacteria;0,025933378;0,043868832;0,07338461;0,061280665;0,071130654;0,046604888;0,007327403;0,026426867;0,04461585;0,062036939;0,010973736;0,067182752;0;0;0;0;0,028688525;0,021302658;0,037325478;0,051416242;0,014163824;0,007194392;0,006904933
Skermanella_Rhodospirillaceae_Rhodospirillales_Alphaproteobacteria_Proteobacteria;0;0;0;0;0;0;0;0;0;0;0;0;0;0;0;0;0;0;0;0;0;0;0
SM1A02_Phycisphaeraceae_Phycisphaerales_Phycisphaerae_Planctomycetes;0;0;0;0;0;0;0;0;0,004537205;0;0;0;0;0;0;0;0;0;0;0;0;0;0
Smithella_Syntrophaceae_Syntrophobacterales_Deltaproteobacteria_Proteobacteria;0;0;0;0;0;0;0;0;0;0;0;0;0;0;0;0;0;0;0;0;0;0;0
Sneathiella_Sneathiellaceae_Sneathiellales_Alphaproteobacteria_Proteobacteria;0;0;0;0;0;0;0;0;0;0,016838598;0;0,015268807;0,015498646;0,015419012;0,012457238;0,024121886;0,034153005;0,018107259;0,039343072;0,037184961;0,024361778;0,02980534;0,024857758
Sphingobium_Sphingomonadaceae_Sphingomonadales_Alphaproteobacteria_Proteobacteria;0;0;0;0;0;0;0;0;0;0,005317452;0,00457239;0,003817202;0;0,00550679;0;0;0;0;0;0;0;0,016444326;0
Sphingomonas_Sphingomonadaceae_Sphingomonadales_Alphaproteobacteria_Proteobacteria;0;0;0;0;0;0;0;0,005872637;0,004537205;0;0,00457239;0;0;0;0;0;0;0;0,007061577;0;0;0;0
Sphingopyxis_Sphingomonadaceae_Sphingomonadales_Alphaproteobacteria_Proteobacteria;1,412921976;1,511480673;1,507635715;2,829961222;2,233071443;2,211022598;3,165438105;2,680124794;2,06291591;3,155907689;2,861401712;2,706396103;2,575510316;3,687346498;2,827793057;2,04569152;2,657103825;3,131490653;2,807481236;2,315567185;2,710389449;2,243622685;2,352510634
Sphingorhabdus_Sphingomonadaceae_Sphingomonadales_Alphaproteobacteria_Proteobacteria;0,048289738;0,037886719;0,086389477;0,04721625;0,018321532;0,039018046;0,057153744;0,044778859;0,036297641;0,044312099;0,035664643;0,048860184;0,051966049;0,061676047;0,086242418;0,061471902;0,040300546;0,071363903;0,059519006;0,055547904;0,040791814;0,038027503;0,024857758
Stakelama_Sphingomonadaceae_Sphingomonadales_Alphaproteobacteria_Proteobacteria;0;0;0;0;0;0;0;0;0;0;0;0;0;0;0;0;0;0;0;0;0;0;0
Stappia_Rhodobacteraceae_Rhodobacterales_Alphaproteobacteria_Proteobacteria;0,138609434;0,22931435;0,05201947;0,160736172;0,287755828;0,140898499;0,249131703;0,184253992;0,158802178;0,10280407;0,183810081;0,116042936;0,072934805;0,08700728;0,075701678;0,047465646;0,116120219;0,113969218;0,043378258;0,109259514;0,112744043;0,052416288;0,049025023
Stenotrophomonas_Xanthomonadaceae_Xanthomonadales_Gammaproteobacteria_Proteobacteria;0;0;0;0;0;0;0;0;0;0;0;0;0;0;0;0;0;0;0;0;0;0;0
Streptomyces_Streptomycetaceae_Streptomycetales_Actinobacteria_Actinobacteria;0;0,004985095;0;0;0;0;0;0;0;0;0;0;0;0,00550679;0;0;0;0;0;0;0;0;0
Subsaxibacter_Flavobacteriaceae_Flavobacteriales_Flavobacteriia_Bacteroidetes;0,004471272;0;0;0;0;0;0;0;0;0;0;0;0;0;0;0;0;0;0;0;0;0;0
Sufflavibacter_Flavobacteriaceae_Flavobacteriales_Flavobacteriia_Bacteroidetes;0;0;0;0;0;0;0;0;0;0;0;0;0;0;0;0;0;0;0;0;0;0;0
Sulfitobacter_Rhodobacteraceae_Rhodobacterales_Alphaproteobacteria_Proteobacteria;0,020567852;0;0,04180136;0,015069016;0,006466423;0,037934211;0,027844131;0;0;0;0;0,007634404;0,006381795;0;0,004791245;0;0,004098361;0,011716462;0;0,003213515;0,003399318;0;0
Tabrizicola_Rhodobacteraceae_Rhodobacterales_Alphaproteobacteria_Proteobacteria;0;0;0;0;0;0,005419173;0;0;0;0;0;0;0;0;0;0;0;0;0;0;0;0;0
Tateyamaria_Rhodobacteraceae_Rhodobacterales_Alphaproteobacteria_Proteobacteria;0;0;0;0;0;0;0;0;0;0;0;0;0;0;0;0;0;0;0;0;0;0;0
Tenacibaculum_Flavobacteriaceae_Flavobacteriales_Flavobacteriia_Bacteroidetes;0;0;0;0;0;0;0;0;0;0;0;0;0;0;0;0;0;0;0;0;0;0;0
Terrabacter_Intrasporangiaceae_Micrococcales_Actinobacteria_Actinobacteria;0,004471272;0;0;0;0;0;0;0;0;0;0;0;0;0;0;0;0;0;0;0;0;0;0
Terrimonas_Chitinophagaceae_Sphingobacteriales_Sphingobacteriia_Bacteroidetes;0;0;0;0,007032208;0;0,009754511;0,007327403;0,011745274;0,00907441;0,018611082;0,00914478;0,015268807;0,078404916;0,027533949;0,022039729;0,083259411;0,115437158;0,128881078;0,17452183;0,136344856;0,157501728;0,133610146;0,158813456
Thalassobaculum_Rhodospirillaceae_Rhodospirillales_Alphaproteobacteria_Proteobacteria;0,136820926;0,14656178;0,62609148;0,267223885;0,213391962;0,326234217;0,064481147;0,279684346;0,139140956;0,053174519;0,177408735;0,111462294;0,324559884;0,039648887;0,369884148;0,106603172;0,163934426;0,099057357;0,041360665;0,056466052;0,179030741;0,068860614;0,225791305
Thalassospira_Rhodospirillaceae_Rhodospirillales_Alphaproteobacteria_Proteobacteria;0,006259781;0;0,004644596;0;0;0;0;0;0;0;0;0;0;0;0;0;0;0;0;0;0;0;0
Thauera_Rhodocyclaceae_Rhodocyclales_Betaproteobacteria_Proteobacteria;0;0;0;0;0;0;0;0;0;0;0;0;0;0;0;0;0;0;0;0;0;0;0
Thermovum_Phyllobacteriaceae_Rhizobiales_Alphaproteobacteria_Proteobacteria;0,00804829;0,009970189;0,098465426;0,010046011;0;0;0,092325278;0,089557717;0,11645493;0,00886242;0;0,007634404;0;0;0,034496967;0,030346888;0,045765027;0,103317889;0,07969494;0,002295368;0,040791814;0;0,00621444
Thiobacillus_Hydrogenophilaceae_Hydrogenophilales_Betaproteobacteria_Proteobacteria;0;0;0;0;0;0;0;0;0;0;0;0;0;0;0;0;0;0;0;0,002295368;0;0;0
Thiogranum_Ectothiorhodospiraceae_Chromatiales_Gammaproteobacteria_Proteobacteria;0;0;0;0;0;0;0;0;0;0;0;0;0;0;0;0;0;0;0;0,002295368;0;0;0
Thiohalocapsa_Chromatiaceae_Chromatiales_Gammaproteobacteria_Proteobacteria;0;0;0;0;0;0;0;0;0;0;0;0;0;0;0;0;0;0;0;0;0;0;0
Tistrella_Rhodospirillaceae_Rhodospirillales_Alphaproteobacteria_Proteobacteria;0;0,004985095;0,01021811;0,010046011;0,006466423;0;0;0,008808956;0,006805808;0;0,011888214;0;0,011851906;0,00550679;0,005749495;0,004668752;0,003415301;0;0;0,012854061;0,003965871;0,005138852;0
Tropicimonas_Rhodobacteraceae_Rhodobacterales_Alphaproteobacteria_Proteobacteria;0;0;0;0;0;0;0;0;0;0;0;0;0;0;0;0;0;0;0;0;0;0;0
Tumebacillus_Alicyclobacillaceae_Bacillales_Bacilli_Firmicutes;0;0;0;0;0;0;0;0;0;0;0;0;0;0;0;0;0;0;0;0;0;0;0,25617301
uncultured_Alcaligenaceae_Burkholderiales_Betaproteobacteria_Proteobacteria;0,007154035;0,00897317;0,009289191;0,017078218;0,011855109;0,011922181;0;0,005872637;0,012099214;0,007976178;0,007315824;0,010688165;0,013675276;0,008810864;0;0;0,009562842;0,005325664;0;0,007804251;0,013030719;0;0
uncultured_Aurantimonadaceae_Rhizobiales_Alphaproteobacteria_Proteobacteria;0;0;0;0;0;0;0;0;0;0;0;0;0;0;0;0;0;0;0;0;0;0;0
uncultured_Beijerinckiaceae_Rhizobiales_Alphaproteobacteria_Proteobacteria;0,037558685;0,014955284;0,015791625;0,059271463;0,028021167;0,017341354;0,020516728;0,02128831;0,046128252;0,022156049;0,077730631;0,013741927;0,035555718;0,060574689;0,06324444;0,013228131;0,022540984;0,069233637;0,014123154;0,020199238;0,02662799;0,02877757;0,019333812
uncultured_Bradyrhizobiaceae_Rhizobiales_Alphaproteobacteria_Proteobacteria;0;0;0;0;0;0;0;0;0;0;0;0;0;0;0;0;0;0;0;0;0;0;0
uncultured_Brucellaceae_Rhizobiales_Alphaproteobacteria_Proteobacteria;0;0;0;0;0;0;0;0;0;0;0;0;0;0;0;0;0;0;0;0;0;0;0
uncultured_Caulobacteraceae_Caulobacterales_Alphaproteobacteria_Proteobacteria;68,02325061;66,65569946;61,39597964;62,64993671;64,57477879;67,42643473;70,03678356;65,40723068;63,43163944;70,50054947;69,88989685;72,85206053;66,0479364;69,49899226;69,03993024;77,27796193;71,00751366;72,93497364;75,6436123;72,7255199;73,21734105;82,39737713;79,48337292
uncultured_Chitinophagaceae_Sphingobacteriales_Sphingobacteriia_Bacteroidetes;0;0;0;0;0,006466423;0;0;0;0;0;0;0;0;0;0;0,005446877;0;0;0,00605278;0,004131662;0,010197954;0;0
uncultured_Colwelliaceae_Alteromonadales_Gammaproteobacteria_Proteobacteria;0;0;0,004644596;0;0;0;0;0;0;0;0;0;0;0;0;0;0;0;0;0;0;0;0
uncultured_Comamonadaceae_Burkholderiales_Betaproteobacteria_Proteobacteria;3,196959535;4,802640106;2,630698919;3,19262221;3,122204619;5,334633935;3,691545642;2,277115067;2,141560799;0,498067992;2,7745263;2,911761562;3,077848788;3,261120962;1,608900218;1,070700468;2,503415301;1,572136124;0,201759341;2,186567507;0,087815712;1,283685173;0,051786997
uncultured_Corynebacteriaceae_Corynebacteriales_Actinobacteria_Actinobacteria;0;0;0;0;0;0;0;0;0;0;0;0;0;0;0;0;0;0;0;0;0;0;0
uncultured_Cryomorphaceae_Flavobacteriales_Flavobacteriia_Bacteroidetes;0,03845294;0,021934416;0,022294059;0,033151835;0,019399269;0,01408985;0;0,011745274;0,066545675;0;0,010059258;0,009161284;0,020057071;0;0,005749495;0;0,005464481;0;0;0;0;0;0
uncultured_Cyclobacteriaceae_Cytophagales_Cytophagia_Bacteroidetes;0;0;0;0;0;0;0;0;0;0;0;0;0;0;0;0;0;0;0;0;0;0;0
uncultured_Cytophagaceae_Cytophagales_Cytophagia_Bacteroidetes;0;0;0;0;0;0;0;0;0;0;0;0;0;0;0;0;0;0;0;0;0;0;0
uncultured_Erythrobacteraceae_Sphingomonadales_Alphaproteobacteria_Proteobacteria;0,004471272;0,00897317;0;0,013059814;0;0;0;0,006606717;0;0;0;0;0;0,006608148;0;0,003890627;0,004098361;0;0;0,002754442;0;0;0
uncultured_Gemmatimonadaceae_Gemmatimonadales_Gemmatimonadetes_Gemmatimonadetes;0;0;0;0;0;0;0;0;0;0;0;0;0;0;0;0;0;0;0;0;0;0;0
uncultured_Geodermatophilaceae_Frankiales_Actinobacteria_Actinobacteria;0;0;0;0;0;0;0;0;0;0;0;0;0;0;0;0;0,006147541;0;0;0,004590736;0,009631401;0;0,003452466
uncultured_Holophagaceae_Holophagales_Holophagae_Acidobacteria;0;0;0;0;0;0;0;0;0;0;0;0;0;0;0;0;0;0;0;0;0;0;0
uncultured_Hyphomicrobiaceae_Rhizobiales_Alphaproteobacteria_Proteobacteria;0;0,004985095;0;0,010046011;0,010777372;0;0;0,003670398;0;0,005317452;0,00914478;0,003817202;0,010028536;0,01101358;0,004791245;0,018675008;0,017759563;0;0,014123154;0,004590736;0,00566553;0,013361015;0,008285919
uncultured_Hyphomonadaceae_Caulobacterales_Alphaproteobacteria_Proteobacteria;0,006259781;0,011964227;0,015791625;0,006027606;0;0;0;0,008074876;0,005293406;0;0,00457239;0;0,007293481;0;0;0;0;0;0;0;0;0;0
uncultured_Methylophilaceae_Methylophilales_Betaproteobacteria_Proteobacteria;0;0;0;0;0;0;0;0;0;0;0;0;0;0;0;0;0;0;0;0;0;0;0
uncultured_Micromonosporaceae_Micromonosporales_Actinobacteria_Actinobacteria;0,004471272;0;0;0;0;0;0;0;0;0;0;0;0;0;0;0;0;0;0;0,002295368;0;0;0
uncultured_Nitrosomonadaceae_Nitrosomonadales_Betaproteobacteria_Proteobacteria;0;0;0;0;0;0;0;0;0;0;0;0;0;0;0;0;0;0;0;0;0;0;0
uncultured_Oceanospirillaceae_Oceanospirillales_Gammaproteobacteria_Proteobacteria;0;0;0;0;0;0;0;0;0;0;0;0;0;0;0;0;0;0;0;0;0;0;0
uncultured_Oxalobacteraceae_Burkholderiales_Betaproteobacteria_Proteobacteria;0;0;0;0;0;0;0;0;0;0;0;0;0;0;0;0;0;0;0;0;0;0;0
uncultured_Phycisphaeraceae_Phycisphaerales_Phycisphaerae_Planctomycetes;0;0;0;0;0;0;0;0;0;0;0;0;0;0;0;0;0;0;0;0;0;0;0
uncultured_Phyllobacteriaceae_Rhizobiales_Alphaproteobacteria_Proteobacteria;0,015202325;0,011964227;0,013933787;0,017078218;0,058197808;0,029263534;0,036637015;0,005138558;0,025710829;0;0,006401346;0,02137633;0,00547011;0,01101358;0,015331985;0,014784381;0,010245902;0,040475049;0;0,004131662;0,012464166;0,007194392;0,009666906
uncultured_Pseudomonadaceae_Pseudomonadales_Gammaproteobacteria_Proteobacteria;0;0;0;0;0;0;0;0;0;0;0;0;0;0;0;0,004668752;0;0;0;0;0;0;0
uncultured_Rhodobacteraceae_Rhodobacterales_Alphaproteobacteria_Proteobacteria;2,0952381;1,80759529;1,56337086;1,81531414;1,79443241;1,7319677;1,09324853;1,52321527;1,85042347;1,14059343;1,26289414;1,10469821;1,14416476;0,78196416;0,39288213;0,47154396;0,78005464;0,55493423;0,41663304;0,40628013;0,57675093;0,36588625;0,39358117
uncultured_Rhodobiaceae_Rhizobiales_Alphaproteobacteria_Proteobacteria;0;0,038883738;0;0,024110426;0,024787955;0,010838346;0;0,011011195;0,006805808;0,027473501;0,00457239;0;0,020968757;0;0;0;0,046448087;0,018107259;0;0;0,004532424;0;0
uncultured_Rhodospirillaceae_Rhodospirillales_Alphaproteobacteria_Proteobacteria;1,2439079;1,3090858;1,5290009;1,2808664;1,6381605;1,5748117;1,4097923;1,3690585;1,1895039;1,3462016;1,184249;1,2199777;1,4924285;1,2456359;1,4996598;0,9283035;1,4576503;1,1886883;1,0309902;1,1637515;0,9795701;1,0236593;0,9314754
uncultured_Saprospiraceae_Sphingobacteriales_Sphingobacteriia_Bacteroidetes;0;0;0;0;0;0;0;0;0;0;0;0;0;0;0;0;0;0;0;0;0;0;0
uncultured_Sphingomonadaceae_Sphingomonadales_Alphaproteobacteria_Proteobacteria;0;0;0;0;0;0;0;0;0;0;0;0;0;0;0;0;0;0;0;0;0;0;0
uncultured_Xanthobacteraceae_Rhizobiales_Alphaproteobacteria_Proteobacteria;0;0;0;0;0;0;0;0;0;0,035449679;0,008230302;0;0;0,008810864;0;0;0,004781421;0;0,00907917;0,00642703;0,026061437;0;0,00621444
uncultured_Xanthomonadaceae_Xanthomonadales_Gammaproteobacteria_Proteobacteria;0;0;0;0;0;0;0;0;0;0;0;0;0;0;0;0;0;0;0;0;0;0;0
uncultured_Xanthomonadales-Incertae-Sedis_Xanthomonadales_Gammaproteobacteria_Proteobacteria;0;0;0;0;0;0;0;0;0;0;0;0;0;0;0;0;0;0;0;0;0;0;0
Undibacterium_Oxalobacteraceae_Burkholderiales_Betaproteobacteria_Proteobacteria;0,03845294;0,024925473;0,046445955;0,03717024;0,009699635;0,034682707;0,043964418;0,024224628;0,023442226;0,040767131;0,021947472;0,027483853;0,020968757;0,034142097;0;0,004668752;0,011612022;0,01491186;0,00907917;0,01790387;0,020395907;0,005138852;0,010357399
Variibacter_Xanthobacteraceae_Rhizobiales_Alphaproteobacteria_Proteobacteria;0;0;0;0;0;0;0;0;0;0,009748662;0;0;0;0;0;0;0;0;0,00907917;0,009640545;0,006232083;0;0,005523946
Variovorax_Comamonadaceae_Burkholderiales_Betaproteobacteria_Proteobacteria;0,191370445;0,245266653;0,340913313;0,342568966;0,206925539;0,24711429;0,180254114;0,403009727;0,423472474;0,169272218;0,373107031;0,157268716;0,384731098;0,171811844;0,163860594;0,156403193;0,588797814;0,166160729;0,117020418;0,310333746;0,474204843;0,088388251;0,127741258
Vitellibacter_Flavobacteriaceae_Flavobacteriales_Flavobacteriia_Bacteroidetes;0;0;0;0;0;0;0;0;0;0;0;0;0;0;0;0;0;0;0;0;0;0;0
Williamsia_Nocardiaceae_Corynebacteriales_Actinobacteria_Actinobacteria;0;0;0;0;0;0;0;0;0;0;0;0;0;0;0;0;0;0;0;0;0;0;0
Xanthobacter_Xanthobacteraceae_Rhizobiales_Alphaproteobacteria_Proteobacteria;0;0;0;0;0;0;0;0;0;0;0;0;0;0;0;0;0;0;0;0;0;0;0
Xylophilus_Comamonadaceae_Burkholderiales_Betaproteobacteria_Proteobacteria;0;0;0;0;0;0;0;0;0;0;0;0;0;0;0;0;0;0;0;0;0;0;0
Yangia_Rhodobacteraceae_Rhodobacterales_Alphaproteobacteria_Proteobacteria;0;0;0;0;0;0;0;0;0,006049607;0;0;0;0;0;0;0;0;0;0;0;0;0;0
Youngimonas_Rhodobacteraceae_Rhodobacterales_Alphaproteobacteria_Proteobacteria;0;0;0;0;0;0;0;0;0;0;0;0;0;0;0;0;0;0;0;0;0;0;0
