;cD312_S49;cD313_S50;cD314_S51;cD318_S55;cD319_S56;cD320_S57;cD324_S61;cD325_S62;cD326_S63;cD330_S67;cD331_S68;cD332_S69;cD336_S73;cD337_S74;cD338_S75;cD342_S79;cD343_S80;cD344_S81;cD348_S85;cD349_S86;cD350_S87;cD354_S91;cD355_S92
____Hydrogenedentes;0;0,00418591;0,004886551;0,010481631;0;0;0,007412349;0;0;0;0;0;0;0;0;0;0;0;0;0;0;0;0
___028H05-P-BN-P5_Planctomycetes;0;0;0;0;0;0;0;0;0;0;0;0;0;0;0;0;0;0;0;0;0;0;0
___ARKICE-90_Proteobacteria;0,056240464;0,092787677;0,046422231;0,072497947;0,102078876;0,094040093;0,158624268;0,080127079;0,117776278;0,119149239;0,088810777;0,07505383;0,085743389;0,100731526;0,120517985;0,132120691;0,047696439;0,109794927;0,146551648;0,110092422;0,122566636;0,092028691;0,059939586
___Elev-16S-509_Proteobacteria;0;0;0;0;0;0;0;0;0;0;0;0;0;0;0;0;0;0;0;0;0;0;0
___JG30-KF-CM66_Chloroflexi;0;0;0;0;0;0;0;0;0;0;0;0;0;0;0;0;0;0;0;0;0;0;0
___ML635J-21_Cyanobacteria;0,042876393;0,095578283;0,062710732;0,064636724;0,036316523;0,017690711;0,028166926;0,123704964;0,039699869;0,061352966;0,086941076;0,046754845;0,043194038;0,049876775;0,048530732;0,026116881;0,008832674;0,010979493;0,010530657;0,008326318;0,020427773;0,013533631;0,022551527
___OM190_Planctomycetes;0;0;0;0;0;0;0;0;0;0;0;0;0;0;0;0;0;0;0;0;0;0;0
___SPOTSOCT00m83_Proteobacteria;0,003897854;0;0;0;0;0;0;0;0;0;0;0;0;0;0,004044228;0;0;0;0;0;0;0;0
___TA18_Proteobacteria;0;0;0;0;0;0;0;0;0;0;0;0;0;0;0;0;0;0;0;0;0;0;0
__42095_Bacilli_Firmicutes;0;0;0;0;0;0;0;0;0;0;0;0;0;0;0;0;0;0;0;0;0;0;0
__B38_Gammaproteobacteria_Proteobacteria;0,027284978;0,026510765;0,017917352;0,020089793;0,06281777;0,037243601;0,041509154;0,029520503;0,046316514;0,022229336;0,03365461;0,022147032;0,027721547;0,01955952;0,009706146;0,020739876;0,012365743;0,021958985;0;0,016652635;0,015131683;0,018405738;0,007714996
__E6aD10_Alphaproteobacteria_Proteobacteria;0;0;0;0;0;0;0;0;0;0;0;0;0;0;0;0;0;0;0;0;0;0;0
__Hot-Creek-32_Betaproteobacteria_Proteobacteria;0,021716615;0,016743641;0,017102927;0,027077547;1,207279009;1,518607834;1,031798977;0,009840168;0,060873132;0,749573197;0,036459161;0,011073516;0,925770723;2,120251927;0,034780358;0;1,248940079;0,035785013;1,008310444;0,968628285;0,005296089;0,147245906;0,306226002
__oca12_Betaproteobacteria_Proteobacteria;0;0;0;0;0;0;0;0;0;0;0;0;0;0;0;0;0;0;0;0;0;0;0
__OCS116-clade_Alphaproteobacteria_Proteobacteria;0;0;0;0;0;0;0;0;0;0;0;0;0;0;0;0;0;0;0,005265329;0;0;0;0
_AKIW852_Sphingomonadales_Alphaproteobacteria_Proteobacteria;0;0;0;0;0;0;0;0;0;0;0;0;0;0;0;0;0;0;0;0;0;0,002706726;0,002967306
_alphaI-cluster_Rhizobiales_Alphaproteobacteria_Proteobacteria;0,005568363;0;0;0;0,005889166;0,00651763;0,010377289;0;0;0;0,013087904;0;0;0;0;0;0;0;0;0;0,008322426;0;0
_AT-s3-44_Rhodospirillales_Alphaproteobacteria_Proteobacteria;0;0;0;0;0;0;0;0;0;0;0;0;0;0;0;0;0;0;0;0;0;0;0
_BIgi5_Order-III_Cytophagia_Bacteroidetes;0;0;0;0;0;0;0;0;0;0;0;0;0;0;0;0;0;0;0;0;0;0;0
_Blfdi19_Myxococcales_Deltaproteobacteria_Proteobacteria;0;0;0;0;0;0;0;0;0;0;0;0;0;0;0;0;0;0;0;0;0;0;0
_C2U_Rhizobiales_Alphaproteobacteria_Proteobacteria;0;0;0;0;0;0;0;0;0;0;0;0;0;0;0;0;0;0,012606084;0;0;0,007565842;0;0
_Comamonadaceae_Burkholderiales_Betaproteobacteria_Proteobacteria;0;0;0;0;0;0;0;0;0;0;0;0;0;0;0;0;0;0;0;0;0;0;0
_ctg-CGOF202_Sphingomonadales_Alphaproteobacteria_Proteobacteria;0;0;0;0;0;0;0;0;0;0;0;0;0;0;0;0;0;0;0;0;0;0;0
_D05-2_Rhizobiales_Alphaproteobacteria_Proteobacteria;0;0,031394327;0;0,012228569;0;0;0;0;0,014556619;0;0;0;0;0;0;0;0;0;0;0;0;0;0
_DA111_Rhodospirillales_Alphaproteobacteria_Proteobacteria;0;0;0;0;0;0;0;0;0;0;0;0;0;0;0;0;0;0;0;0;0;0;0
_DEV007_Verrucomicrobiales_Verrucomicrobiae_Verrucomicrobia;0,005011527;0;0,004072125;0;0;0,00465545;0;0;0,009263303;0;0;0;0;0;0;0;0;0;0;0;0;0;0
_DSSF69_Sphingomonadales_Alphaproteobacteria_Proteobacteria;0;0;0;0;0;0;0;0;0;0;0;0;0;0;0;0;0;0;0,007020438;0;0;0,006496143;0,014836531
_GR-WP33-58_Desulfuromonadales_Deltaproteobacteria_Proteobacteria;0,016705088;0,014650686;0,008958676;0,009608162;0,013741387;0,01024199;0,008894819;0,007028691;0,015879948;0,005335041;0;0;0;0,005867856;0;0,003840718;0;0;0;0;0;0;0
_JG34-KF-161_Sphingomonadales_Alphaproteobacteria_Proteobacteria;0;0;0;0;0;0;0;0;0;0;0;0;0;0;0;0;0;0;0;0;0;0;0
_JG34-KF-361_Rhizobiales_Alphaproteobacteria_Proteobacteria;0,005011527;0,004883562;0;0,031444893;0;0,044692321;0,041509154;0;0,039699869;0,007113387;0,014957605;0,017225469;0,032879044;0;0,098679155;0;0,009715941;0,017079211;0;0,041631588;0,01815802;0,012450941;0
_MND8_Rhodospirillales_Alphaproteobacteria_Proteobacteria;0,002784181;0;0;0;0;0;0;0;0;0;0;0;0;0;0;0;0;0;0;0;0;0;0
_MNG7_Rhizobiales_Alphaproteobacteria_Proteobacteria;0;0,021627203;0;0;0;0;0;0;0;0,014226775;0;0;0,094769009;0,013691664;0,013750374;0;0,005299604;0,008946253;0;0,004625732;0,011348763;0,003248071;0,011869225
_NS11-12-marine-group_Sphingobacteriales_Sphingobacteriia_Bacteroidetes;0,020046106;0,014650686;0,037463554;0,0113551;0,029445829;0,026070521;0,011859758;0;0;0;0;0;0;0;0,00727961;0;0;0;0,062306389;0,021278367;0,025723862;0,07849506;0,070621888
_NS7-marine-group_Flavobacteriales_Flavobacteriia_Bacteroidetes;0,007795708;0,003488259;0,005700976;0;0,006870694;0;0;0;0;0;0;0;0;0;0;0;0;0;0;0;0;0;0
_NS9-marine-group_Flavobacteriales_Flavobacteriia_Bacteroidetes;0;0;0;0;0;0;0;0;0;0;0;0;0;0;0;0;0;0;0;0;0;0;0
_OPB56_Chlorobiales_Chlorobia_Chlorobi;0,040092212;0,041161451;0,023618328;0,041053055;0,026501247;0,027001611;0,031131866;0,037954932;0,014556619;0,023118509;0,006543952;0,01845586;0,011604368;0,006845832;0,011323837;0,006913292;0;0,005286422;0;0;0;0,002706726;0
_Phyllobacteriaceae_Rhizobiales_Alphaproteobacteria_Proteobacteria;0,003341018;0;0;0;0;0;0;0;0;0;0;0;0;0;0;0;0;0;0;0;0;0;0
_Rhodobacteraceae_Rhodobacterales_Alphaproteobacteria_Proteobacteria;0;0,003488259;0;0;0;0;0;0,008434429;0;0;0;0;0;0;0;0;0;0;0;0;0;0;0
_Rhodobiaceae_Rhizobiales_Alphaproteobacteria_Proteobacteria;0;0,00837182;0;0;0,008833749;0;0;0;0;0,004445867;0;0;0;0;0;0;0;0;0;0;0;0,023819191;0
_Rhodospirillaceae_Rhodospirillales_Alphaproteobacteria_Proteobacteria;0;0;0,006515401;0;0;0;0;0;0;0;0;0,007382344;0;0;0;0;0;0;0;0;0;0;0
_SAR116-clade_Rickettsiales_Alphaproteobacteria_Proteobacteria;0;0;0;0;0;0;0;0;0;0;0;0;0;0;0;0;0;0;0;0;0;0;0
_SHWN-night2_Rickettsiales_Alphaproteobacteria_Proteobacteria;0;0;0,009773101;0;0;0;0;0;0;0;0;0;0;0;0;0,009217723;0;0;0;0;0;0;0
_Sphingomonadaceae_Sphingomonadales_Alphaproteobacteria_Proteobacteria;0;0;0;0;0;0;0;0;0;0;0;0;0;0;0;0;0;0;0;0;0;0;0
_T9d_Rickettsiales_Alphaproteobacteria_Proteobacteria;0,012807234;0;0;0;0,009815276;0;0;0;0;0,006224214;0,005609102;0,008612735;0,007091558;0,006845832;0;0,013826584;0;0,010166197;0,011408212;0;0,009835594;0,02165381;0,003560767
_TM146_Solirubrobacterales_Thermoleophilia_Actinobacteria;0;0;0;0;0;0;0;0;0;0;0;0;0;0;0;0;0;0;0;0;0;0;0
_uncultured_Gaiellales_Thermoleophilia_Actinobacteria;0,00445469;0,009069472;0,006515401;0,028824485;0,017667498;0,029794881;0,047439033;0,043577885;0,018526606;0,039123631;0,053286466;0,078745002;0,146988666;0,112467238;0,108385302;0,168223438;0,082143867;0,100035378;0,151816977;0,12859535;0,12861931;0,185681418;0,204150668
_uncultured_Rhizobiales_Alphaproteobacteria_Proteobacteria;0,065149845;0,043254406;0,009773101;0,051534685;0,078522212;0,043761231;0,088948188;0,044983623;0,042346527;0,065798833;0,059830418;0,07628422;0,124424617;0,082149982;0,078458017;0,089872795;0,024731487;0,072383323;0,125490334;0,077712298;0,084737427;0,105562322;0,067654582
_uncultured_Sphingomonadales_Alphaproteobacteria_Proteobacteria;0;0;0;0;0;0;0;0;0;0;0;0;0;0;0;0;0;0;0;0;0;0;0
_Verrucomicrobiaceae_Verrucomicrobiales_Verrucomicrobiae_Verrucomicrobia;0;0;0;0;0;0;0;0;0;0;0;0;0;0;0;0;0;0;0;0;0;0;0
_WCHB1-69_Sphingobacteriales_Sphingobacteriia_Bacteroidetes;0;0,004883562;0;0;0;0;0;0;0;0;0;0;0;0;0;0;0;0;0;0;0;0;0
_WW2-159_Sphingomonadales_Alphaproteobacteria_Proteobacteria;0;0;0;0;0;0;0;0;0;0;0;0;0;0;0;0;0;0;0;0;0;0;0
_Xanthobacteraceae_Rhizobiales_Alphaproteobacteria_Proteobacteria;0;0;0;0;0;0;0;0;0;0;0;0;0;0;0;0,007681436;0;0;0;0;0;0;0
Achromobacter_Alcaligenaceae_Burkholderiales_Betaproteobacteria_Proteobacteria;0,045660575;0,08999707;0,022803903;0,048914278;0,047113327;0,056796492;0,053368913;0,074504126;0,07675308;0,056907099;0,028980359;0,029529376;0,038681228;0,022493448;0,089781854;0,065292202;0,043280102;0,039038196;0,043877739;0,042556735;0,03631604;0,011909595;0,031453446
Acidovorax_Comamonadaceae_Burkholderiales_Betaproteobacteria_Proteobacteria;0,234428073;0,204411949;0,141709967;0,284750974;0,127598594;0,178769285;0,120080053;0,19820909;0,170709437;0,159162043;0,128074489;0,071362658;0,204365821;0,152564253;0,176328327;0,104467523;0,125423968;0,132160561;0,102673909;0,136921668;0,101382279;0,067668155;0,108009946
Acinetobacter_Moraxellaceae_Pseudomonadales_Gammaproteobacteria_Proteobacteria;0;0;0;0;0;0;0;0;0;0;0;0;0,006446871;0;0;0;0;0;0;0;0;0;0
Actibacterium_Rhodobacteraceae_Rhodobacterales_Alphaproteobacteria_Proteobacteria;0;0;0;0;0;0;0;0;0;0;0;0;0;0;0;0;0;0;0;0;0;0;0
Aequorivita_Flavobacteriaceae_Flavobacteriales_Flavobacteriia_Bacteroidetes;0,042876393;0,063486305;0,042350105;0,041926524;0,060854714;0,040967961;0,105255355;0,043577885;0,041023198;0,072023047;0,073853172;0,050446017;0,052864345;0,08997379;0,033971512;0,107540097;0,095392877;0,113861406;0,109694348;0,074011712;0,093059853;0,17864393;0,081897652
Aeromicrobium_Nocardioidaceae_Propionibacteriales_Actinobacteria_Actinobacteria;0;0;0;0;0;0;0;0;0;0;0;0;0;0;0;0;0;0;0;0;0;0;0
Aeromonas_Aeromonadaceae_Aeromonadales_Gammaproteobacteria_Proteobacteria;0,078513915;0,063486305;0,078184809;0,044546932;0,082448323;0,050278861;0,051886443;0,037954932;0,05160983;0,039123631;0,028980359;0,015995078;0,010314994;0,031295231;0,020221138;0,007681436;0;0,021552338;0,021061315;0,012026903;0,00907901;0;0
Aestuariivita_Rhodobacteraceae_Rhodobacterales_Alphaproteobacteria_Proteobacteria;0;0,00418591;0;0;0;0;0;0;0;0;0;0;0;0;0;0;0;0;0;0;0;0;0
Afifella_Rhodobiaceae_Rhizobiales_Alphaproteobacteria_Proteobacteria;0;0,003488259;0;0;0,012759859;0,00465545;0,011859758;0,009840168;0;0,004445867;0;0;0;0;0,008897301;0,004608861;0;0;0,007020438;0;0;0;0
Afipia_Bradyrhizobiaceae_Rhizobiales_Alphaproteobacteria_Proteobacteria;0;0;0;0;0;0;0;0;0;0;0;0;0;0;0;0;0;0;0;0;0;0;0
Agrococcus_Microbacteriaceae_Micrococcales_Actinobacteria_Actinobacteria;0;0;0;0;0;0;0;0;0;0;0;0;0;0;0;0;0;0;0;0;0;0;0
Ahrensia_Phyllobacteriaceae_Rhizobiales_Alphaproteobacteria_Proteobacteria;0,00445469;0;0;0,006114285;0,007852221;0;0;0;0;0;0;0;0,00451281;0,005867856;0;0;0;0;0;0;0;0,01136825;0,004154229
Albidiferax_Comamonadaceae_Burkholderiales_Betaproteobacteria_Proteobacteria;0,824674529;0;0,013030802;0;0,014722915;0;0;0;0,071459764;0;0;0;0;0;0;0;0;0;0;0;0;0;0,005934612
Algoriphagus_Cyclobacteriaceae_Cytophagales_Cytophagia_Bacteroidetes;0;0;0;0;0;0;0;0;0;0;0;0;0;0;0;0;0;0;0;0;0;0;0
Aliihoeflea_Phyllobacteriaceae_Rhizobiales_Alphaproteobacteria_Proteobacteria;0;0;0;0;0;0;0;0;0;0;0;0;0;0;0;0;0;0;0;0;0;0;0
Alkanindiges_Moraxellaceae_Pseudomonadales_Gammaproteobacteria_Proteobacteria;0;0;0;0;0;0;0;0;0;0;0;0;0;0;0;0;0;0;0;0;0;0;0
Altererythrobacter_Erythrobacteraceae_Sphingomonadales_Alphaproteobacteria_Proteobacteria;0;0;0;0;0;0;0;0;0;0;0;0;0;0;0;0;0;0,002033239;0;0;0,006052673;0;0
Alteromonas_Alteromonadaceae_Alteromonadales_Gammaproteobacteria_Proteobacteria;0;0;0;0;0;0;0;0;0;0;0;0;0;0;0;0;0;0;0;0;0;0;0
Aminobacter_Phyllobacteriaceae_Rhizobiales_Alphaproteobacteria_Proteobacteria;0;0;0;0;0,006870694;0;0,013342228;0;0;0,005335041;0,007478802;0;0,070915585;0,005867856;0;0;0;0,077669745;0,005265329;0,079562591;0;0,005954798;0,002967306
Amorphus_Caulobacteraceae_Caulobacterales_Alphaproteobacteria_Proteobacteria;0;0,003488259;0;0;0;0;0;0;0;0;0;0;0,003223436;0;0;0;0;0;0,004387774;0,019428074;0;0;0
Ancylobacter_Xanthobacteraceae_Rhizobiales_Alphaproteobacteria_Proteobacteria;0;0;0;0;0;0;0;0;0;0;0;0;0;0;0;0;0;0,002439887;0;0;0;0,005954798;0
Antarctobacter_Rhodobacteraceae_Rhodobacterales_Alphaproteobacteria_Proteobacteria;0;0,00418591;0;0,010481631;0;0;0;0;0;0;0;0;0;0;0;0;0;0;0;0;0;0;0
Aquabacterium_Comamonadaceae_Burkholderiales_Betaproteobacteria_Proteobacteria;0;0;0;0;0;0;0;0;0;0;0;0;0;0;0;0;0;0;0;0;0;0;0
Aquamicrobium_Phyllobacteriaceae_Rhizobiales_Alphaproteobacteria_Proteobacteria;0;0;0;0;0;0;0;0;0;0;0;0,013534297;0;0;0;0;0;0;0,006142883;0;0,026480446;0;0,005341151
Aquimonas_Xanthomonadaceae_Xanthomonadales_Gammaproteobacteria_Proteobacteria;0;0;0;0;0;0;0;0;0;0;0;0;0;0;0;0;0;0;0;0;0;0;0
Arcobacter_Campylobacteraceae_Campylobacterales_Epsilonproteobacteria_Proteobacteria;0;0;0;0;0;0;0;0;0;0;0;0;0;0;0;0;0;0;0;0;0;0;0
Arenibacter_Flavobacteriaceae_Flavobacteriales_Flavobacteriia_Bacteroidetes;0,013364071;0,009767124;0,015474077;0,006114285;0,007852221;0,00837981;0,008894819;0;0;0,008002561;0;0;0;0;0;0;0;0;0;0;0;0;0
Arthrobacter_Micrococcaceae_Micrococcales_Actinobacteria_Actinobacteria;0;0;0;0;0;0;0;0;0;0;0;0;0;0;0;0;0;0;0;0;0;0;0
Aureimonas_Aurantimonadaceae_Rhizobiales_Alphaproteobacteria_Proteobacteria;0;0;0;0;0;0;0;0;0;0;0;0;0;0;0;0;0;0;0;0;0;0;0
Azoarcus_Rhodocyclaceae_Rhodocyclales_Betaproteobacteria_Proteobacteria;0;0;0;0;0;0;0;0;0;0;0;0;0;0;0;0;0;0;0;0;0;0;0
Bacillus_Bacillaceae_Bacillales_Bacilli_Firmicutes;0;0;0;0;0;0;0;0;0;0;0;0;0;0;0;0;0;0;0;0;0;0;0
Bacteriovorax_Bacteriovoracaceae_Bdellovibrionales_Deltaproteobacteria_Proteobacteria;0;0;0;0;0;0;0;0;0;0;0;0;0;0;0;0;0;0;0;0;0;0;0
BAL58-marine-group_Comamonadaceae_Burkholderiales_Betaproteobacteria_Proteobacteria;0;0;0;0;0;0;0;0;0;0;0;0;0;0;0;0;0;0;0;0;0;0;0
Balneola_Unknown-Family_Order-III_Cytophagia_Bacteroidetes;0;0;0;0;0;0;0;0;0;0;0;0;0;0;0;0;0;0;0;0;0;0;0
Bartonella_Bartonellaceae_Rhizobiales_Alphaproteobacteria_Proteobacteria;0;0,019534248;0;0;0;0,01582853;0,010377289;0;0;0,016894295;0,008413653;0,009843125;0,010959681;0,027383327;0;0,005377005;0;0,00569307;0;0,004625732;0,014375099;0;0
Bauldia_Rhizobiales-Incertae-Sedis_Rhizobiales_Alphaproteobacteria_Proteobacteria;0;0;0;0;0;0;0;0;0;0;0;0;0;0;0;0;0;0;0;0;0;0;0
BD1-7-clade_Spongiibacteraceae_Cellvibrionales_Gammaproteobacteria_Proteobacteria;0;0;0;0;0;0;0;0;0;0;0;0;0;0;0;0;0;0;0;0;0;0;0
Blastomonas_Sphingomonadaceae_Sphingomonadales_Alphaproteobacteria_Proteobacteria;1,1347067;0,9104273;0,8762505;0,4793223;0,8900652;0,8588367;0,3771744;0,7175154;1,0036971;0,4703569;1,0847916;1,1405173;0,7336662;1,6091391;1,424911;0,8279272;1,5846801;1,2798544;0,8584971;1,9148245;2,1574414;0,9008192;2,1101638
Blastopirellula_Planctomycetaceae_Planctomycetales_Planctomycetacia_Planctomycetes;0;0;0;0;0;0;0;0;0;0;0;0;0;0;0;0;0;0;0;0;0;0;0
Bosea_Bradyrhizobiaceae_Rhizobiales_Alphaproteobacteria_Proteobacteria;0,018932433;0,029301372;0,010587526;0,020089793;0,004907638;0,00465545;0,010377289;0,008434429;0,006616645;0,009780908;0,008413653;0;0,011604368;0;0,004853073;0,004608861;0;0;0;0,007401171;0;0;0
Boseongicola_Rhodobacteraceae_Rhodobacterales_Alphaproteobacteria_Proteobacteria;0;0;0;0;0;0;0;0;0;0;0;0;0;0;0,012941529;0;0;0,004473127;0,006142883;0;0;0,0227365;0,091393032
Bradyrhizobium_Bradyrhizobiaceae_Rhizobiales_Alphaproteobacteria_Proteobacteria;0;0;0;0;0;0;0;0;0;0;0;0;0;0;0;0;0;0;0;0;0;0;0
Brevundimonas_Caulobacteraceae_Caulobacterales_Alphaproteobacteria_Proteobacteria;0,144777433;0,169529364;0,101803137;0,179934665;0,089319016;0,213219616;0,226817879;0,233352545;0,176002753;0,289870536;0,242126223;0,287911412;0,455793803;0,266009467;0,274198636;0,339519449;0,267630017;0,319625233;0,287837968;0,260891286;0,323061442;0,451481933;0,32937099
Brucella_Brucellaceae_Rhizobiales_Alphaproteobacteria_Proteobacteria;0;0;0;0;0;0;0;0;0;0;0;0;0;0;0;0;0;0;0;0;0;0;0
Burkholderia_Burkholderiaceae_Burkholderiales_Betaproteobacteria_Proteobacteria;0;0;0;0,009608162;0,005889166;0;0;0;0;0;0;0;0;0;0;0;0;0;0,004387774;0;0;0;0
Caenimonas_Comamonadaceae_Burkholderiales_Betaproteobacteria_Proteobacteria;0;0;0;0;0;0;0;0;0;0;0;0;0;0;0;0;0;0;0;0;0;0;0
Candidatus-Aquiluna_Microbacteriaceae_Micrococcales_Actinobacteria_Actinobacteria;0;0;0;0;0;0;0;0;0;0;0;0;0;0;0;0;0;0;0;0;0;0;0
Caulobacter_Caulobacteraceae_Caulobacterales_Alphaproteobacteria_Proteobacteria;0;0,009069472;0;0,027951016;0;0;0;0;0;0;0;0;0;0,006845832;0;0;0;0;0,007897993;0;0;0;0
CB31G03_Microbacteriaceae_Micrococcales_Actinobacteria_Actinobacteria;0;0;0;0;0;0;0;0;0;0;0;0;0;0;0;0;0;0;0;0;0;0;0
Celeribacter_Rhodobacteraceae_Rhodobacterales_Alphaproteobacteria_Proteobacteria;0,023387124;0,055114485;0,059453032;0,012228569;0,05005791;0,022346161;0,07115855;0,008434429;0,047639843;0,016005122;0,03178491;0,025838204;0,005802184;0,00977976;0,012132683;0,006145148;0,005299604;0,02114569;0;0;0;0;0
Chelativorans_Phyllobacteriaceae_Rhizobiales_Alphaproteobacteria_Proteobacteria;0;0;0;0;0;0;0;0;0;0;0;0;0;0;0;0;0;0;0;0;0;0;0
Chlorochromatium_Comamonadaceae_Burkholderiales_Betaproteobacteria_Proteobacteria;0;0;0;0,004367346;0;0;0;0;0;0;0;0;0;0;0;0;0;0;0;0;0;0;0
Christensenellaceae-R-7-group_Christensenellaceae_Clostridiales_Clostridia_Firmicutes;0;0;0;0;0;0;0;0;0;0;0;0;0;0;0;0;0;0;0;0;0;0;0
Citreicella_Rhodobacteraceae_Rhodobacterales_Alphaproteobacteria_Proteobacteria;0;0;0;0;0;0;0;0;0;0;0;0;0;0;0;0;0;0;0;0;0;0;0
Cloacibacterium_Flavobacteriaceae_Flavobacteriales_Flavobacteriia_Bacteroidetes;0;0;0;0;0;0;0;0;0;0;0;0;0;0;0;0;0;0;0;0;0;0;0
Clostridium-sensu-stricto-13_Clostridiaceae-1_Clostridiales_Clostridia_Firmicutes;0;0;0;0;0;0;0;0;0;0;0;0;0,003223436;0;0;0;0;0;0;0;0;0;0
Cobetia_Halomonadaceae_Oceanospirillales_Gammaproteobacteria_Proteobacteria;0,002784181;0;0;0;0;0;0,007412349;0;0,009263303;0,007113387;0;0;0,005802184;0,005867856;0,006470764;0,003840718;0;0,003253183;0;0;0;0,005413452;0
Cohaesibacter_Phyllobacteriaceae_Rhizobiales_Alphaproteobacteria_Proteobacteria;0;0;0;0;0;0;0;0;0;0;0;0;0;0;0;0;0;0;0;0;0;0;0
Colwellia_Colwelliaceae_Alteromonadales_Gammaproteobacteria_Proteobacteria;0;0;0;0;0;0;0;0;0;0;0;0;0;0;0;0;0;0;0;0;0;0;0
Comamonas_Comamonadaceae_Burkholderiales_Betaproteobacteria_Proteobacteria;0,003341018;0,003488259;0;0;0;0;0;0;0;0;0;0;0;0;0;0;0;0;0;0;0;0;0
Crocinitomix_Cryomorphaceae_Flavobacteriales_Flavobacteriia_Bacteroidetes;0;0;0;0;0;0;0;0;0;0;0;0;0;0;0;0;0;0;0;0;0;0;0
Cupriavidus_Burkholderiaceae_Burkholderiales_Betaproteobacteria_Proteobacteria;1,20889156;1,83831224;1,33077061;1,74606502;1,34665594;1,53722964;1,13260692;0,87436917;1,31009568;0,98520415;0,9853322;1,06428791;0,83100171;0,75401948;1,86924203;1,36268666;0,95392877;1,29314026;0,95039183;1,01951134;0,78911729;0,44769252;0,36735251
Defluviicoccus_Rhodospirillaceae_Rhodospirillales_Alphaproteobacteria_Proteobacteria;0;0;0;0;0;0;0;0;0;0;0;0;0;0;0;0;0;0;0;0;0;0;0
Defluviimonas_Rhodobacteraceae_Rhodobacterales_Alphaproteobacteria_Proteobacteria;0,03897854;0,073253429;0,087143485;0,099575494;0,06281777;0,033519241;0,066711141;0,036549194;0,042346527;0,030231896;0,039263712;0,104583205;0,082519953;0,135938661;0,073604944;0,089104652;0,064478519;0,088649238;0,057918616;0,049032759;0,074901833;0,104479632;0,083678035
Deinococcus_Deinococcaceae_Deinococcales_Deinococci_Deinococcus-Thermus;0;0;0;0;0;0;0;0;0;0;0;0;0;0,005867856;0,008897301;0,009985866;0,010599209;0,009352901;0,031591972;0,022203514;0,014375099;0,035187441;0,019584221
Delftia_Comamonadaceae_Burkholderiales_Betaproteobacteria_Proteobacteria;0;0;0;0;0;0;0;0;0;0;0;0;0;0;0;0;0;0;0;0;0;0;0
Desulfovibrio_Desulfovibrionaceae_Desulfovibrionales_Deltaproteobacteria_Proteobacteria;0,007795708;0,007674169;0,033391429;0,010481631;0;0;0;0;0,014556619;0,005335041;0,004674251;0;0;0,00488988;0,004044228;0,015362871;0,011482476;0,013826028;0,012285767;0;0,009835594;0,007037488;0,008901919
Devosia_Hyphomicrobiaceae_Rhizobiales_Alphaproteobacteria_Proteobacteria;0,030069159;0,019534248;0,031762579;0,018342854;0,013741387;0,056796492;0,057816322;0,033737717;0,01323329;0,052461232;0,043003113;0,031990157;0,052219658;0,045964871;0,080884553;0,0476249;0,05387931;0,02114569;0,073714602;0,027754392;0,054474061;0,023277845;0,023144989
Diplosphaera_Opitutaceae_Opitutales_Opitutae_Verrucomicrobia;0;0;0;0;0;0;0;0;0;0;0;0;0;0;0;0;0;0;0;0;0;0;0
Dokdonella_Xanthomonadaceae_Xanthomonadales_Gammaproteobacteria_Proteobacteria;0;0;0;0;0;0;0;0;0;0;0;0;0;0;0;0;0;0;0;0;0;0;0
Dokdonia_Flavobacteriaceae_Flavobacteriales_Flavobacteriia_Bacteroidetes;0;0;0;0;0;0;0;0;0;0;0;0;0;0;0;0;0;0;0;0;0;0;0
Dyadobacter_Cytophagaceae_Cytophagales_Cytophagia_Bacteroidetes;0;0;0;0;0;0;0;0;0;0;0;0;0;0;0;0;0;0;0;0;0;0;0
Endozoicomonas_Hahellaceae_Oceanospirillales_Gammaproteobacteria_Proteobacteria;0;0;0;0;0;0;0;0;0;0;0;0;0;0;0;0;0;0;0;0;0;0;0
Ensifer_Rhizobiaceae_Rhizobiales_Alphaproteobacteria_Proteobacteria;0;0;0;0;0;0;0;0;0;0;0;0;0;0;0,00727961;0;0;0,002033239;0;0;0,003782921;0;0,003560767
Erythrobacter_Erythrobacteraceae_Sphingomonadales_Alphaproteobacteria_Proteobacteria;0,020046106;0,019534248;0,014659652;0,0227102;0,022575136;0,018621801;0,032614335;0,033737717;0,033083224;0,039123631;0,020566706;0,01845586;0,047706848;0,029339279;0,018603447;0,043016039;0,022081685;0,04798445;0,065816609;0,043481881;0,055987229;0,037352822;0,029673062
Escherichia-Shigella_Enterobacteriaceae_Enterobacteriales_Gammaproteobacteria_Proteobacteria;0,045660575;0,078834643;0,026061603;0,036685708;0,053984021;0,034450331;0,051886443;0,016868859;0,027789908;0,03378859;0,019631856;0,022147032;0,011604368;0,010757736;0,012132683;0,024580594;0,015898813;0,049204393;0,021061315;0,028679539;0,004539505;0,004872107;0
Exiguobacterium_Family-XII_Bacillales_Bacilli_Firmicutes;0;0;0;0;0;0;0;0;0;0;0;0;0;0;0;0;0;0;0;0;0;0;0
Falsirhodobacter_Rhodobacteraceae_Rhodobacterales_Alphaproteobacteria_Proteobacteria;0;0;0;0;0;0;0;0;0;0;0;0;0;0;0;0,009985866;0;0;0;0;0;0;0
Ferrovibrio_Rhodospirillaceae_Rhodospirillales_Alphaproteobacteria_Proteobacteria;16,3915895;13,9634989;19,3010604;14,7380466;12,5871106;14,8238843;12,2481654;13,8198125;13,4807522;12,197681;11,5248343;11,2949862;9,8411491;11,8657826;13,1833734;6,458551;8,4060557;13,3713956;8,9738752;7,8193374;8,2059119;5,593179;4,1239622
Ferruginibacter_Chitinophagaceae_Sphingobacteriales_Sphingobacteriia_Bacteroidetes;0;0;0;0;0;0;0;0;0;0;0;0;0;0;0;0;0;0;0;0;0;0;0
Filomicrobium_Hyphomicrobiaceae_Rhizobiales_Alphaproteobacteria_Proteobacteria;0;0;0;0;0;0,00465545;0;0;0;0;0;0;0,007091558;0;0;0;0;0;0;0;0;0;0
Flavobacterium_Flavobacteriaceae_Flavobacteriales_Flavobacteriia_Bacteroidetes;0,011693562;0,009767124;0,028504878;0,008734692;0,017667498;0,00465545;0;0;0,014556619;0,005335041;0,004674251;0;0;0;0;0,006145148;0,006182872;0,003253183;0;0;0;0,002706726;0
Fluviicola_Cryomorphaceae_Flavobacteriales_Flavobacteriia_Bacteroidetes;0,601383181;0,595096904;0,694704608;0,715371312;0,806815728;0,633141218;0,480320213;0,306450933;0,35862215;0,219625836;0,22997317;0,311288834;0,205655196;0,373586825;0,235374051;0,208935046;0,080377332;0,406241232;0,35979746;0,180403549;0,198981638;0,191636216;0,137089547
Frankia_Frankiaceae_Frankiales_Actinobacteria_Actinobacteria;0;0;0;0;0;0;0;0,01265164;0;0;0;0;0;0;0;0;0;0;0;0;0;0;0
Frondihabitans_Microbacteriaceae_Micrococcales_Actinobacteria_Actinobacteria;0;0;0;0;0;0;0;0;0;0;0;0;0;0;0;0;0;0;0;0;0;0;0
Gallaecimonas_Unknown-Family_Gammaproteobacteria-Incertae-Sedis_Gammaproteobacteria_Proteobacteria;3,109930618;2,98385634;3,985796426;1,965305802;4,758446045;3,053044199;2,134756504;2,60342719;1,97176016;2,054879784;1,973468949;2,004306367;0,956071019;1,623440128;1,583719557;1,652276777;1,028123233;1,500124028;1,106596579;0,878889084;0,919249771;0,871024496;0,348955211
Gemmobacter_Rhodobacteraceae_Rhodobacterales_Alphaproteobacteria_Proteobacteria;0,010023053;0,022324855;0,006515401;0,008734692;0,028464302;0,018621801;0,010377289;0,014057382;0,037053211;0,008891734;0,009348503;0,007382344;0,005157497;0,01955952;0;0;0;0,008539605;0,008775548;0;0,012861931;0;0,004154229
GKS98-freshwater-group_Alcaligenaceae_Burkholderiales_Betaproteobacteria_Proteobacteria;0,020602942;0,019534248;0,040721255;0,006987754;0,023556664;0,01582853;0,008894819;0;0,018526606;0,005335041;0,004674251;0,006151953;0;0,00488988;0,006470764;0,004608861;0;0,00569307;0,005265329;0;0;0;0
Gordonia_Nocardiaceae_Corynebacteriales_Actinobacteria_Actinobacteria;0;0;0;0;0;0,00558654;0;0;0;0;0;0,009843125;0;0;0,004853073;0,006145148;0;0;0;0;0;0,003248071;0
Haematobacter_Rhodobacteraceae_Rhodobacterales_Alphaproteobacteria_Proteobacteria;0;0;0;0;0;0,01024199;0;0;0;0;0;0;0;0;0;0;0;0;0;0;0;0;0
Halomonas_Halomonadaceae_Oceanospirillales_Gammaproteobacteria_Proteobacteria;0;0;0;0;0;0;0;0;0;0;0;0;0;0;0;0;0;0;0;0;0;0;0
Hoeflea_Phyllobacteriaceae_Rhizobiales_Alphaproteobacteria_Proteobacteria;0,4582763;0,4897515;0,5538091;0,6786856;1,1071632;0,8929153;1,0243866;0,9952627;1,7878174;2,1260137;2,0174069;1,9292525;2,7682866;4,3647068;5,6109615;2,3735636;1,8327798;6,0728794;5,6637386;5,0226198;6,6995529;3,7623494;2,6248791
Hydrogenophaga_Comamonadaceae_Burkholderiales_Betaproteobacteria_Proteobacteria;0,016705088;0,026510765;0,013030802;0,013975508;0,01668597;0,00651763;0,010377289;0,008434429;0,007939974;0,02845355;0,03178491;0,025838204;0,011604368;0,015647616;0,008897301;0,016899158;0,007066139;0,015452619;0,012285767;0,022203514;0,011348763;0,016240357;0,012462686
Hyphomicrobium_Hyphomicrobiaceae_Rhizobiales_Alphaproteobacteria_Proteobacteria;0,052899447;0,006278865;0,021175053;0,085599986;0,043187217;0,027001611;0,050403973;0,056229529;0,055579817;0,061352966;0,109377483;0,11442633;0,038681228;0,213198764;0,099488001;0,091409083;0,052112776;0,052050929;0,106184129;0,079562591;0,101382279;0,132629585;0,102075334
Hyphomonas_Hyphomonadaceae_Caulobacterales_Alphaproteobacteria_Proteobacteria;2,158854254;1,971563717;1,565325037;2,548783257;2,441059265;2,935726855;3,044992958;2,475505011;1,803697381;2,07977664;1,852873262;2,197477699;1,995951365;1,694832375;1,665412956;2,457291219;2,263814302;1,445633212;2,141233667;1,373842411;1,486687901;2,223304913;1,316297039
Idiomarina_Idiomarinaceae_Alteromonadales_Gammaproteobacteria_Proteobacteria;0,020602942;0,007674169;0,040721255;0,012228569;0,029445829;0,01675962;0,010377289;0,007028691;0,014556619;0;0;0,009843125;0;0;0,004044228;0;0;0;0;0,004625732;0;0;0
Ilumatobacter_Acidimicrobiaceae_Acidimicrobiales_Acidimicrobiia_Actinobacteria;0,007795708;0,003488259;0,009773101;0,005240815;0,005889166;0,00558654;0;0;0;0;0;0;0;0;0;0;0;0;0;0;0;0;0
Imperialibacter_Flammeovirgaceae_Cytophagales_Cytophagia_Bacteroidetes;0;0;0;0;0;0;0;0;0;0;0;0;0;0;0;0;0;0;0;0;0;0;0
Jahnella_Polyangiaceae_Myxococcales_Deltaproteobacteria_Proteobacteria;0;0;0;0;0;0;0;0;0;0;0;0;0;0;0;0;0;0;0;0;0;0;0
Jannaschia_Rhodobacteraceae_Rhodobacterales_Alphaproteobacteria_Proteobacteria;0,003341018;0;0;0;0;0;0;0;0;0;0;0;0;0;0;0;0;0;0;0;0;0;0
Jatrophihabitans_Frankiaceae_Frankiales_Actinobacteria_Actinobacteria;0;0;0;0;0;0;0;0;0;0;0;0;0;0;0;0;0;0;0;0;0;0;0
Jhaorihella_Rhodobacteraceae_Rhodobacterales_Alphaproteobacteria_Proteobacteria;0;0;0;0;0;0;0;0;0;0;0;0;0;0;0;0;0;0;0;0;0;0;0
Kaistia_Rhizobiaceae_Rhizobiales_Alphaproteobacteria_Proteobacteria;0,003341018;0;0;0;0;0;0;0;0;0;0;0;0;0;0;0;0,007066139;0;0;0;0;0;0,003560767
Kerstersia_Alcaligenaceae_Burkholderiales_Betaproteobacteria_Proteobacteria;0;0;0;0,005240815;0;0;0;0,011245906;0;0;0;0;0;0;0;0;0;0;0;0;0;0;0
Ketogulonicigenium_Rhodobacteraceae_Rhodobacterales_Alphaproteobacteria_Proteobacteria;0,025614469;0,016743641;0,031762579;0,009608162;0,026501247;0,027001611;0,014824698;0,009840168;0,006616645;0,008002561;0,007478802;0,023377422;0;0,008801784;0,004853073;0;0;0,006913014;0;0;0;0,003248071;0
Kiloniella_Sphingomonadales-Incertae-Sedis_Sphingomonadales_Alphaproteobacteria_Proteobacteria;0;0;0;0;0;0;0;0;0;0;0;0;0;0;0;0;0;0;0;0;0;0;0
Klebsiella_Enterobacteriaceae_Enterobacteriales_Gammaproteobacteria_Proteobacteria;0;0;0;0;0;0;0;0;0;0;0;0;0;0;0;0;0;0;0;0;0;0;0
Kordiimonas_Kordiimonadaceae_Kordiimonadales_Alphaproteobacteria_Proteobacteria;0;0;0;0;0;0;0;0;0;0;0;0;0;0;0;0;0;0;0;0;0;0;0
Labrenzia_Rhodobacteraceae_Rhodobacterales_Alphaproteobacteria_Proteobacteria;0,002784181;0;0;0;0;0;0;0;0;0;0;0;0;0;0;0;0;0;0;0;0;0;0
Labrys_Xanthobacteraceae_Rhizobiales_Alphaproteobacteria_Proteobacteria;0;0;0;0;0;0;0;0;0;0;0;0;0,003223436;0;0;0,003840718;0,006182872;0,004473127;0;0;0,016644852;0,007037488;0,011869225
Lapillicoccus_Intrasporangiaceae_Micrococcales_Actinobacteria_Actinobacteria;0,010579889;0,004883562;0;0;0,010796804;0;0,008894819;0,012651644;0;0,019561815;0,010283353;0,013534297;0,009670307;0,021515472;0,008088455;0,015362871;0;0,007319662;0,007020438;0,007401171;0,006052673;0,008661524;0,003560767
Lentibacter_Rhodobacteraceae_Rhodobacterales_Alphaproteobacteria_Proteobacteria;0;0;0;0;0;0;0;0;0;0;0;0;0;0;0;0;0;0;0;0;0;0;0
Leptothrix_Comamonadaceae_Burkholderiales_Betaproteobacteria_Proteobacteria;0,008352544;0,011860079;0,005700976;0,0113551;0,004907638;0,017690711;0;0,008434429;0,006616645;0,005335041;0;0,007382344;0,010314994;0;0,01455922;0,003840718;0,009715941;0,005286422;0;0;0,006809258;0;0
Lewinella_Saprospiraceae_Sphingobacteriales_Sphingobacteriia_Bacteroidetes;0,00445469;0;0;0,004367346;0;0;0;0;0;0;0;0;0;0;0;0;0;0;0;0;0;0;0
Limnobacter_Burkholderiaceae_Burkholderiales_Betaproteobacteria_Proteobacteria;0;0;0;0;0;0,00558654;0;0;0;0;0;0;0;0;0;0;0;0,012606084;0;0;0;0,003248071;0
Limnohabitans_Comamonadaceae_Burkholderiales_Betaproteobacteria_Proteobacteria;2,317552593;1,942959997;4,320525141;2,027322118;1,863921007;1,72158546;0,582610629;2,461447629;0,236875885;1,376440461;0,574932924;1,182405414;0,544760628;0,065524391;3,514433849;0,97784674;0,024731487;2,04055906;0,374715892;0,546761525;0,901848335;0,257680336;0,164388765
Loktanella_Rhodobacteraceae_Rhodobacterales_Alphaproteobacteria_Proteobacteria;0;0,00418591;0,018731777;0,004367346;0,026501247;0,00744872;0;0,008434429;0;0,006224214;0;0;0;0;0,004853073;0;0;0;0;0;0;0;0
Luteimonas_Xanthomonadaceae_Xanthomonadales_Gammaproteobacteria_Proteobacteria;0;0;0;0;0;0;0;0;0;0;0;0;0;0;0;0;0;0;0;0;0;0;0
Lutibacter_Flavobacteriaceae_Flavobacteriales_Flavobacteriia_Bacteroidetes;0;0;0;0;0;0;0;0;0;0;0;0;0;0;0;0;0;0;0;0;0;0;0
Magnetospira_Rhodospirillaceae_Rhodospirillales_Alphaproteobacteria_Proteobacteria;0;0;0;0;0;0,00465545;0;0;0;0;0;0;0;0;0;0;0;0;0;0;0;0;0
Maricaulis_Hyphomonadaceae_Caulobacterales_Alphaproteobacteria_Proteobacteria;0,005568363;0,011162427;0,005700976;0,007861223;0,004907638;0;0;0,007028691;0;0,008891734;0;0;0;0;0;0;0;0;0;0;0;0;0
Marinicella_Family-Incertae-Sedis_Order-Incertae-Sedis_Gammaproteobacteria_Proteobacteria;0,010579889;0,004883562;0;0,005240815;0,008833749;0;0;0,008434429;0;0;0;0;0;0;0;0;0;0,002439887;0;0;0;0;0
Marinobacterium_Oceanospirillaceae_Oceanospirillales_Gammaproteobacteria_Proteobacteria;0,00445469;0,016743641;0;0;0;0;0;0;0;0;0;0;0;0;0;0;0;0;0;0;0;0;0
Marinomonas_Oceanospirillaceae_Oceanospirillales_Gammaproteobacteria_Proteobacteria;0;0;0,006515401;0;0;0;0;0;0,006616645;0;0;0;0;0,006845832;0;0;0;0;0;0;0;0;0
Maritalea_Hyphomicrobiaceae_Rhizobiales_Alphaproteobacteria_Proteobacteria;0;0;0;0;0;0;0;0;0;0;0;0;0;0;0;0;0;0;0;0;0;0;0
Marivita_Rhodobacteraceae_Rhodobacterales_Alphaproteobacteria_Proteobacteria;0;0;0;0;0;0;0;0;0;0;0;0;0;0;0;0;0;0;0;0;0;0;0
Marmoricola_Nocardioidaceae_Propionibacteriales_Actinobacteria_Actinobacteria;0;0;0;0;0;0;0;0;0;0;0;0;0,003868123;0;0;0;0;0;0;0;0;0;0
Massilia_Oxalobacteraceae_Burkholderiales_Betaproteobacteria_Proteobacteria;0;0,05720744;0;0,070751009;0;0;0;0;0;0;0;0;0;0;0;0;0;0;0;0;0;0;0
Mesorhizobium_Phyllobacteriaceae_Rhizobiales_Alphaproteobacteria_Proteobacteria;0,26282672;0,27696773;0,23618328;0,22535506;0,1668597;0,2523254;0,2060633;0,20804926;0,29774902;0,23029592;0,19538371;0,236235;0,20887863;0,26307554;0,23699174;0,20663061;0,17842001;0,12524755;0,25185822;0,09714037;0,14753391;0,21220733;0,17685145
Methylibium_Comamonadaceae_Burkholderiales_Betaproteobacteria_Proteobacteria;0,855857361;0,021627203;0,012216376;2,821305662;0;1,737413991;0,778296642;1,76420147;0,007939974;0,009780908;1,650010751;0,278068287;0,012893743;0;2,127263756;0,009985866;0,832037875;0,004473127;0;1,259124256;0,603754171;1,745297063;1,849225236
Methylobacterium_Methylobacteriaceae_Rhizobiales_Alphaproteobacteria_Proteobacteria;0;0;0;0;0;0;0;0;0;0;0;0;0;0;0;0;0;0;0;0;0;0;0
Methyloferula_Beijerinckiaceae_Rhizobiales_Alphaproteobacteria_Proteobacteria;0;0;0;0;0;0;0;0;0;0;0;0;0;0;0;0;0;0;0;0;0;0;0
Methylosinus_Methylocystaceae_Rhizobiales_Alphaproteobacteria_Proteobacteria;0,033410177;0,021627203;0,028504878;0,020089793;0,042205689;0,00651763;0,013342228;0,029520503;0,01323329;0;0,009348503;0,01968625;0,003868123;0,011735712;0,048530732;0,027653168;0,018548615;0;0;0,012026903;0,018914604;0,006496143;0,011869225
Methylotenera_Methylophilaceae_Methylophilales_Betaproteobacteria_Proteobacteria;0,206029423;0,152785723;0,235368853;0,084726517;0,161952062;0,120110613;0,066711141;0,130733655;0,109836304;0,113814198;0,113116884;0,079975392;0,039970602;0,086061886;0,115664911;0,033030173;0,017665348;0,07482321;0,041245075;0,024978953;0,021940941;0,023277845;0,002967306
Methylovirgula_Beijerinckiaceae_Rhizobiales_Alphaproteobacteria_Proteobacteria;0;0;0;0;0;0;0;0;0;0;0;0;0;0;0;0;0;0;0;0;0;0;0
Microbacterium_Microbacteriaceae_Micrococcales_Actinobacteria_Actinobacteria;0,016705088;0,012557731;0,016288502;0,010481631;0,006870694;0,01582853;0,008894819;0,011245906;0,026466579;0,017783468;0,011218203;0,023377422;0,011604368;0,01466964;0,017794602;0,007681436;0,006182872;0,006913014;0,006142883;0,004625732;0,005296089;0,003789417;0,005341151
Micrococcus_Micrococcaceae_Micrococcales_Actinobacteria_Actinobacteria;0,074616061;0,066974564;0,026876028;0,013975508;0,03337194;0,017690711;0,019272107;0,02389755;0,026466579;0,012448428;0,029915209;0,036911719;0,007736246;0,012713688;0,013750374;0,003840718;0;0,003253183;0,004387774;0;0;0,003789417;0
Microvirga_Methylobacteriaceae_Rhizobiales_Alphaproteobacteria_Proteobacteria;0;0;0;0;0;0;0;0;0;0;0;0;0;0;0;0;0;0;0;0;0;0;0
Moraxella_Moraxellaceae_Pseudomonadales_Gammaproteobacteria_Proteobacteria;0;0;0;0;0;0;0;0;0;0;0;0;0,023208737;0,020537496;0,011323837;0,005377005;0;0,004066479;0;0;0;0;0
Mycobacterium_Mycobacteriaceae_Corynebacteriales_Actinobacteria_Actinobacteria;0;0;0;0;0;0;0;0;0;0;0;0;0;0;0;0;0;0;0;0;0;0;0
Nakamurella_Nakamurellaceae_Frankiales_Actinobacteria_Actinobacteria;0;0;0;0;0;0;0;0;0;0;0;0;0;0;0;0;0;0;0;0;0;0;0
Neptunomonas_Oceanospirillaceae_Oceanospirillales_Gammaproteobacteria_Proteobacteria;0;0;0;0;0;0;0;0;0;0;0;0;0;0;0;0;0;0;0;0;0;0;0
Nesiotobacter_Rhodobacteraceae_Rhodobacterales_Alphaproteobacteria_Proteobacteria;0;0,004883562;0;0;0;0;0;0;0;0;0;0;0;0;0;0,003840718;0;0;0;0;0;0,004330762;0
Nisaea_Rhodospirillaceae_Rhodospirillales_Alphaproteobacteria_Proteobacteria;0;0;0;0;0;0;0;0;0;0;0;0;0;0;0;0;0;0;0;0;0;0;0
Nitratireductor_Phyllobacteriaceae_Rhizobiales_Alphaproteobacteria_Proteobacteria;0,028955487;0,055812136;0,019546202;0,041926524;0,039261106;0,035381421;0,045956564;0,044983623;0,039699869;0,039123631;0,029915209;0,040602891;0,029010921;0,016625592;0,035589204;0,054538192;0,043280102;0,029685295;0,047387958;0,045332174;0,043881882;0,038435512;0,03798152
Nocardioides_Nocardioidaceae_Propionibacteriales_Actinobacteria_Actinobacteria;0,015591416;0,006278865;0,004886551;0,005240815;0,012759859;0,00558654;0;0;0;0,004445867;0,004674251;0,006151953;0;0;0,008088455;0;0;0;0;0;0;0;0
Noviherbaspirillum_Oxalobacteraceae_Burkholderiales_Betaproteobacteria_Proteobacteria;0;0;0;0;0;0;0;0;0;0;0;0;0;0;0;0;0;0;0;0;0;0;0
Novosphingobium_Sphingomonadaceae_Sphingomonadales_Alphaproteobacteria_Proteobacteria;0,047331084;0,042556754;0,019546202;0,042799993;0,039261106;0,027932701;0,050403973;0,043577885;0,06351979;0,044458671;0,054221316;0,040602891;0,076073082;0,038141063;0,080075708;0,053770049;0,035330695;0,043511323;0,057918616;0,034230417;0,046908219;0,041142238;0,058752663
Oceanibaculum_Rhodospirillaceae_Rhodospirillales_Alphaproteobacteria_Proteobacteria;0,030625995;0,035580237;0,014659652;0,04629387;0,017667498;0,019552891;0,026684456;0,008434429;0,010586632;0,015115948;0,007478802;0,020916641;0,012249056;0;0,012132683;0,009217723;0,009715941;0,008132958;0;0;0,006809258;0,003789417;0
Oceanibulbus_Rhodobacteraceae_Rhodobacterales_Alphaproteobacteria_Proteobacteria;0,015591416;0,016743641;0;0;0,012759859;0;0;0;0;0;0;0;0;0;0;0;0;0;0;0;0;0;0
Oceanicola_Rhodobacteraceae_Rhodobacterales_Alphaproteobacteria_Proteobacteria;0;0,006278865;0,004072125;0;0;0;0;0,008434429;0;0,004445867;0;0;0;0;0;0;0;0;0,006142883;0;0;0,002706726;0,00949538
Oceaniovalibus_Rhodobacteraceae_Rhodobacterales_Alphaproteobacteria_Proteobacteria;0;0;0;0;0;0;0;0;0;0;0;0;0;0;0;0;0;0;0;0;0;0;0
Oceanisphaera_Aeromonadaceae_Aeromonadales_Gammaproteobacteria_Proteobacteria;1,486752865;1,692503035;0,989526493;0,848138637;0,903986965;0,835187754;0,942850789;0,45124197;0,886630407;0,532614881;0,530060111;0,494617041;0,243691736;0,303172554;0,254786343;0,146715418;0,09450961;0,267167657;0,064939054;0,086038616;0,110461289;0,042766274;0,026112295
Oceanobacter_Oceanospirillaceae_Oceanospirillales_Gammaproteobacteria_Proteobacteria;0,005568363;0,009069472;0;0;0,006870694;0,00744872;0;0;0;0;0;0;0,003223436;0;0;0;0;0,004879775;0;0;0;0;0
Oceanospirillum_Oceanospirillaceae_Oceanospirillales_Gammaproteobacteria_Proteobacteria;0;0;0;0;0;0;0;0;0;0;0;0;0;0;0;0;0;0;0;0;0;0;0
Ochrobactrum_Brucellaceae_Rhizobiales_Alphaproteobacteria_Proteobacteria;0;0,042556754;0;0;0;0;0;0,036549194;0,033083224;0;0,043937963;0;0;0,058678559;0;0;0;0;0;0;0;0;0
OM27-clade_Bdellovibrionaceae_Bdellovibrionales_Deltaproteobacteria_Proteobacteria;0;0;0;0;0;0;0;0;0;0;0;0;0;0;0;0;0;0;0;0;0;0;0
OM43-clade_Methylophilaceae_Methylophilales_Betaproteobacteria_Proteobacteria;0,003897854;0,005581214;0;0;0,004907638;0;0;0;0;0;0,005609102;0;0;0;0,008088455;0;0;0;0;0;0;0;0
Opitutus_Opitutaceae_Opitutales_Opitutae_Verrucomicrobia;0;0;0;0;0;0;0;0;0;0;0;0;0;0;0;0;0;0;0;0,004625732;0,003782921;0,006496143;0
Owenweeksia_Cryomorphaceae_Flavobacteriales_Flavobacteriia_Bacteroidetes;0;0;0;0;0,006870694;0;0;0;0;0;0;0;0;0;0;0;0;0;0;0;0;0;0
Oxalicibacterium_Oxalobacteraceae_Burkholderiales_Betaproteobacteria_Proteobacteria;0,006125199;0,006976517;0,018731777;0,006114285;0;0,00558654;0;0,008434429;0;0,004445867;0;0;0,005802184;0;0,005661919;0;0;0;0,007020438;0,022203514;0;0,002706726;0,010682302
Palleronia_Rhodobacteraceae_Rhodobacterales_Alphaproteobacteria_Proteobacteria;0;0;0;0;0;0;0;0;0;0;0;0;0;0;0;0;0;0;0;0;0;0;0
Pannonibacter_Rhodobacteraceae_Rhodobacterales_Alphaproteobacteria_Proteobacteria;0,003897854;0;0;0;0;0;0;0;0;0,018672642;0;0;0;0;0;0;0;0;0;0;0;0;0
Paracocccus_Rhodobacteraceae_Rhodobacterales_Alphaproteobacteria_Proteobacteria;0,005011527;0;0;0;0,008833749;0;0;0;0;0,004445867;0,010283353;0;0,00902562;0,008801784;0,008897301;0,005377005;0;0,002439887;0,006142883;0;0;0,009744214;0,00949538
Paraglaciecola_Alteromonadaceae_Alteromonadales_Gammaproteobacteria_Proteobacteria;0,003341018;0;0,005700976;0;0,004907638;0;0;0;0;0;0;0;0;0;0;0;0;0;0;0;0;0;0
Parapusillimonas_Alcaligenaceae_Burkholderiales_Betaproteobacteria_Proteobacteria;0;0;0;0;0;0;0;0;0;0;0;0;0;0;0;0;0;0;0;0;0;0;0
Parasphingopyxis_Sphingomonadaceae_Sphingomonadales_Alphaproteobacteria_Proteobacteria;0;0;0;0;0;0;0;0;0;0;0;0;0;0;0;0;0;0;0;0;0;0;0
Parvibaculum_Rhodobiaceae_Rhizobiales_Alphaproteobacteria_Proteobacteria;0,140879579;0,142320948;0,118906064;0,131020387;0,155081369;0,202046536;0,174931436;0,151819728;0,138949541;0,123595106;0,112182034;0,166102738;0,141831169;0,123224974;0,109194147;0,160542002;0,092743075;0,139480223;0,154449642;0,097140372;0,107434953;0,161320882;0,090206109
Patulibacter_Patulibacteraceae_Solirubrobacterales_Thermoleophilia_Actinobacteria;0;0;0;0;0;0;0;0;0;0;0;0;0;0;0;0;0;0;0;0;0;0;0
Paucimonas_Oxalobacteraceae_Burkholderiales_Betaproteobacteria_Proteobacteria;0;0;0;0;0;0;0;0;0;0;0;0;0;0;0;0;0;0;0;0;0;0;0
Pedobacter_Sphingobacteriaceae_Sphingobacteriales_Sphingobacteriia_Bacteroidetes;0,033410177;0,051626226;0,028504878;0,0113551;0,004907638;0,032588151;0,013342228;0,021086073;0,011909961;0,006224214;0,013087904;0,017225469;0,005802184;0;0;0,003840718;0;0;0;0;0;0,002706726;0
Pedomicrobium_Hyphomicrobiaceae_Rhizobiales_Alphaproteobacteria_Proteobacteria;0,003341018;0;0;0;0;0;0;0;0;0;0;0;0;0;0;0,011522153;0;0;0;0;0;0,009202869;0
Pelagibacterium_Hyphomicrobiaceae_Rhizobiales_Alphaproteobacteria_Proteobacteria;0;0;0;0;0;0;0;0;0;0;0,004674251;0;0;0;0;0;0;0;0,007020438;0;0;0;0
Peredibacter_Bacteriovoracaceae_Bdellovibrionales_Deltaproteobacteria_Proteobacteria;0,003341018;0;0;0;0;0;0;0;0;0;0;0;0;0;0;0;0;0;0;0;0;0;0
Perlucidibaca_Moraxellaceae_Pseudomonadales_Gammaproteobacteria_Proteobacteria;0;0,003488259;0,004072125;0;0,005889166;0,00558654;0;0;0;0;0;0;0;0;0;0;0,004416337;0;0;0;0;0;0
Phaeobacter_Rhodobacteraceae_Rhodobacterales_Alphaproteobacteria_Proteobacteria;0;0;0;0;0;0;0;0;0;0;0;0;0;0;0;0;0;0;0;0;0;0;0
Phaselicystis_Phaselicystidaceae_Myxococcales_Deltaproteobacteria_Proteobacteria;0,036194358;0,057905091;0,026876028;0,031444893;0,030427357;0,018621801;0,017789638;0,018274597;0,030436566;0,016005122;0,020566706;0,013534297;0,007091558;0,016625592;0;0,003840718;0;0,015452619;0;0;0;0;0
Phenylobacterium_Caulobacteraceae_Caulobacterales_Alphaproteobacteria_Proteobacteria;0;0;0;0;0;0;0;0;0;0;0;0;0;0;0;0;0;0;0;0;0;0;0
Phyllobacterium_Phyllobacteriaceae_Rhizobiales_Alphaproteobacteria_Proteobacteria;0;0;0;0;0;0;0;0;0,006616645;0;0;0;0;0;0;0;0;0,011792789;0;0;0,003782921;0;0
Pir4-lineage_Planctomycetaceae_Planctomycetales_Planctomycetacia_Planctomycetes;0;0;0;0;0;0;0;0;0;0;0;0;0;0;0;0;0;0;0;0;0;0;0
Pirellula_Planctomycetaceae_Planctomycetales_Planctomycetacia_Planctomycetes;0;0;0;0;0;0;0;0;0;0;0;0;0;0;0;0;0;0;0;0;0;0;0
Planctomyces_Planctomycetaceae_Planctomycetales_Planctomycetacia_Planctomycetes;0,014477743;0,020231899;0,008144251;0,012228569;0,009815276;0,024208341;0,011859758;0,014057382;0,011909961;0,011559255;0,008413653;0,009843125;0,021274675;0;0,00727961;0,007681436;0,011482476;0,004879775;0;0;0,004539505;0,003789417;0
Planococcus_Planococcaceae_Bacillales_Bacilli_Firmicutes;0;0,003488259;0;0;0,01668597;0;0;0;0;0;0;0;0;0;0;0;0;0;0;0;0;0;0
Planomicrobium_Planococcaceae_Bacillales_Bacilli_Firmicutes;0;0;0;0;0;0;0;0;0;0;0;0;0;0;0;0;0;0,002439887;0;0;0;0;0
Pleomorphomonas_Methylocystaceae_Rhizobiales_Alphaproteobacteria_Proteobacteria;0;0;0;0;0;0;0;0;0;0;0;0;0;0;0;0;0;0;0;0;0;0;0
Polaribacter_Flavobacteriaceae_Flavobacteriales_Flavobacteriia_Bacteroidetes;0,077400243;0,072555777;0,061896307;0,052408155;0,071651518;0,047485591;0,035579275;0,029520503;0,02514325;0,023118509;0,017762155;0,031990157;0,00902562;0,006845832;0,024265366;0;0;0,006913014;0,008775548;0;0;0;0
Polaromonas_Comamonadaceae_Burkholderiales_Betaproteobacteria_Proteobacteria;0;0;0;0;0;0;0;0;0;0;0;0;0;0;0;0;0;0;0;0;0;0;0
Prosthecobacter_Verrucomicrobiaceae_Verrucomicrobiales_Verrucomicrobiae_Verrucomicrobia;0;0;0;0;0;0;0;0;0;0;0;0;0;0;0;0;0;0;0;0;0;0;0
Pseudahrensia_Phyllobacteriaceae_Rhizobiales_Alphaproteobacteria_Proteobacteria;0;0;0;0;0;0;0;0;0;0;0;0;0;0;0;0;0;0;0;0;0;0;0
Pseudaminobacter_Phyllobacteriaceae_Rhizobiales_Alphaproteobacteria_Proteobacteria;0;0;0;0;0;0;0;0;0;0;0;0;0;0;0;0;0;0;0;0;0;0;0
Pseudoalteromonas_Pseudoalteromonadaceae_Alteromonadales_Gammaproteobacteria_Proteobacteria;0;0;0,004072125;0,008734692;0;0;0;0;0;0;0;0,007382344;0;0;0;0;0;0,002033239;0;0;0;0;0
Pseudochrobactrum_Brucellaceae_Rhizobiales_Alphaproteobacteria_Proteobacteria;0;0;0;0;0;0;0;0;0;0;0;0;0;0;0;0,003840718;0;0;0;0;0;0;0
Pseudolabrys_Xanthobacteraceae_Rhizobiales_Alphaproteobacteria_Proteobacteria;0,023387124;0,026510765;0,023618328;0,05764897;0,020612081;0,050278861;0,068193611;0,046389361;0,043669856;0,06757718;0,070113771;0,086127345;0,130226801;0,123224974;0,105958765;0,202789897;0,176653477;0,18990456;0,250980667;0,23406204;0,180823618;0,394099337;0,283081013
Pseudomonas_Pseudomonadaceae_Pseudomonadales_Gammaproteobacteria_Proteobacteria;3,572662;4,991;3,669799;3,184669;5,264914;4,024171;3,984879;4,321239;3,656358;3,643833;3,8413;4,089819;3,750145;4,485976;4,823146;4,262429;2,334476;5,134743;3,459321;3,593269;3,844961;2,975233;2,051596
Pseudorhodobacter_Rhodobacteraceae_Rhodobacterales_Alphaproteobacteria_Proteobacteria;0,052899447;0,488356193;1,413027544;0,06987754;0,581064369;0,195528906;0,059298792;0,06325822;0,187912713;0,369006971;0,304761192;0,183328207;0,165039906;0,026405351;0,283904783;0,127511829;0,086560204;0,054084168;0,028081753;0,017577782;0,101382279;0,030856679;0,046883438
Pseudospirillum_Oceanospirillaceae_Oceanospirillales_Gammaproteobacteria_Proteobacteria;0,00445469;0,005581214;0,004886551;0;0,009815276;0,00465545;0;0;0;0;0;0;0;0;0;0;0;0;0;0;0;0;0
Pseudoxanthobacter_Xanthobacteraceae_Rhizobiales_Alphaproteobacteria_Proteobacteria;0,015591416;0,011162427;0,017102927;0,0113551;0,60560256;0,021415071;0,017789638;0,170094325;0,176002753;0,048015365;0,06543952;0,067671486;0,08316464;0,016625592;0,03073613;0,006913292;0,012365743;0,230569348;0,12110256;0,201681916;0,293554659;0,017864393;0,045696516
Psychrobacter_Moraxellaceae_Pseudomonadales_Gammaproteobacteria_Proteobacteria;0;0;0;0;0;0;0;0;0;0;0;0;0;0;0;0;0;0;0;0;0;0;0
Pusillimonas_Alcaligenaceae_Burkholderiales_Betaproteobacteria_Proteobacteria;0;0;0;0;0;0;0;0;0;0;0;0;0;0;0;0;0;0;0;0;0;0;0
Reyranella_Rhodospirillales-Incertae-Sedis_Rhodospirillales_Alphaproteobacteria_Proteobacteria;0,003897854;0,003488259;0,004072125;0,006987754;0;0;0;0;0,006616645;0;0;0;0;0;0;0;0,005299604;0,002439887;0,007020438;0;0;0;0
Rheinheimera_Chromatiaceae_Chromatiales_Gammaproteobacteria_Proteobacteria;0,131413362;0,189063612;0,140895542;0,128399979;0,218880666;0,106144263;0,085983248;0,089967246;0,041023198;0,06224214;0,063569819;0,087357736;0,025142798;0,031295231;0,012941529;0,015362871;0,008832674;0,046357858;0,017551096;0;0,00907901;0,004872107;0
Rhizobacter_Comamonadaceae_Burkholderiales_Betaproteobacteria_Proteobacteria;0,546813226;0,676024502;0,447119378;0,642873364;0,54278479;0,393851081;0,422503891;0,423127205;0,300395675;0,29342723;0,245865625;0,3026761;0,214036128;0,095841646;0,16662218;0,082959503;0,156338327;0,130940617;0,086877923;0,075862005;0,085494012;0,056299905;0,040948826
Rhizobium_Rhizobiaceae_Rhizobiales_Alphaproteobacteria_Proteobacteria;0,437673315;0,044649709;0,053752056;0,163338749;0,452484246;0,432025773;0,096360537;0,425938682;0,426111927;0,112035851;0,487056998;0,135342971;0,482870663;0,374564801;0,155298343;0,415565661;0,071544658;0,073196618;0,380858775;0,108242129;0,052204308;0,087697929;0,380408657
Rhodobacter_Rhodobacteraceae_Rhodobacterales_Alphaproteobacteria_Proteobacteria;0,457162585;0,209993163;0,031762579;0,410530545;0,477022438;0,440405583;0,624119784;0,380955059;0,599468022;0,057796273;0,080397124;0,172254691;0,006446871;0,28948089;0,067134179;0,045320469;0;0,151679659;0,107939238;0,071236273;0,015131683;0,127757477;0,042135748
Rhodococcus_Nocardiaceae_Corynebacteriales_Actinobacteria_Actinobacteria;0,265610905;0,403242685;0,257358331;0,217493842;0,18354567;0,202046536;0,364687569;0,186963184;0,312305636;0,274754588;0,173882153;0,226391879;0,10121588;0,206352932;0,084928781;0,056842623;0,068894856;0,203730588;0,056163506;0,097140372;0,148290498;0,089321965;0,044509593
Rhodoferax_Comamonadaceae_Burkholderiales_Betaproteobacteria_Proteobacteria;0,022830287;0;0;0;0,007852221;0,01303526;0;0;0;0,004445867;0;0,007382344;0,016761865;0;0;0;0;0;0;0;0;0;0
Rhodoglobus_Microbacteriaceae_Micrococcales_Actinobacteria_Actinobacteria;0;0;0;0;0;0;0;0;0;0;0;0;0;0;0;0;0;0;0;0;0;0;0
Rhodopirellula_Planctomycetaceae_Planctomycetales_Planctomycetacia_Planctomycetes;0;0;0;0;0;0;0;0;0;0;0;0;0;0;0;0;0;0;0;0;0;0;0
Rhodoplanes_Hyphomicrobiaceae_Rhizobiales_Alphaproteobacteria_Proteobacteria;0;0;0;0;0;0;0;0;0;0;0;0;0,012249056;0;0;0;0;0;0;0,008326318;0;0;0
Rhodovulum_Rhodobacteraceae_Rhodobacterales_Alphaproteobacteria_Proteobacteria;0;0;0;0;0;0;0;0;0;0;0;0;0;0;0;0;0;0;0;0;0;0;0
Roseicitreum_Rhodobacteraceae_Rhodobacterales_Alphaproteobacteria_Proteobacteria;0;0;0;0;0;0;0;0;0;0;0;0;0;0;0;0;0;0;0;0;0;0;0
Roseicyclus_Rhodobacteraceae_Rhodobacterales_Alphaproteobacteria_Proteobacteria;0;0;0;0;0;0;0;0;0;0;0;0;0;0;0;0;0;0;0;0;0;0;0
Roseivirga_Flammeovirgaceae_Cytophagales_Cytophagia_Bacteroidetes;0;0;0;0;0;0;0;0;0;0;0;0;0;0;0;0;0;0;0;0;0;0;0
Roseivivax_Rhodobacteraceae_Rhodobacterales_Alphaproteobacteria_Proteobacteria;0;0;0;0;0;0;0;0;0;0;0;0;0;0;0;0;0;0;0;0;0;0;0
Roseobacter-clade-CHAB-I-5-lineage_Rhodobacteraceae_Rhodobacterales_Alphaproteobacteria_Proteobacteria;0;0;0;0;0;0;0;0;0;0;0;0;0;0;0;0;0;0;0;0;0;0;0
Roseobacter_Rhodobacteraceae_Rhodobacterales_Alphaproteobacteria_Proteobacteria;0;0;0;0;0;0;0;0;0;0;0;0;0;0;0;0;0;0;0;0;0;0;0
Roseovarius_Rhodobacteraceae_Rhodobacterales_Alphaproteobacteria_Proteobacteria;0;0;0;0,006987754;0;0;0;0;0;0;0;0;0;0;0;0;0;0;0;0;0;0;0
Rubellimicrobium_Rhodobacteraceae_Rhodobacterales_Alphaproteobacteria_Proteobacteria;0;0;0;0;0;0;0;0;0;0;0;0;0;0;0;0;0;0;0;0;0;0;0
Ruegeria_Rhodobacteraceae_Rhodobacterales_Alphaproteobacteria_Proteobacteria;0;0;0;0;0;0;0;0;0;0;0;0;0;0;0;0;0;0;0;0;0;0;0
Sagittula_Rhodobacteraceae_Rhodobacterales_Alphaproteobacteria_Proteobacteria;0;0;0;0;0;0;0;0;0;0;0;0;0;0;0;0;0;0;0;0;0;0;0
Salinimonas_Alteromonadaceae_Alteromonadales_Gammaproteobacteria_Proteobacteria;0;0;0;0;0;0;0;0;0;0;0;0;0;0;0;0;0;0;0;0;0;0;0
Salinirepens_Cryomorphaceae_Flavobacteriales_Flavobacteriia_Bacteroidetes;0;0;0;0;0;0;0;0;0;0;0;0;0;0;0;0;0;0;0;0;0;0;0
Sandaracinus_Sandaracinaceae_Myxococcales_Deltaproteobacteria_Proteobacteria;0;0;0;0;0;0;0;0;0;0;0;0;0;0;0;0;0;0;0;0;0;0;0
SAR92-clade_Porticoccaceae_Cellvibrionales_Gammaproteobacteria_Proteobacteria;0,002784181;0;0;0;0,007852221;0;0;0;0;0;0;0;0;0;0;0;0;0;0;0;0;0;0
Sedimentitalea_Rhodobacteraceae_Rhodobacterales_Alphaproteobacteria_Proteobacteria;0;0;0;0;0;0;0;0;0;0;0;0;0;0;0;0;0;0;0;0;0;0;0
Sediminibacterium_Chitinophagaceae_Sphingobacteriales_Sphingobacteriia_Bacteroidetes;0;0;0;0;0;0;0;0;0;0;0;0;0;0;0,004044228;0;0;0;0;0;0;0;0
Sediminicola_Flavobacteriaceae_Flavobacteriales_Flavobacteriia_Bacteroidetes;0,002784181;0;0;0;0;0;0;0;0;0;0;0;0;0;0;0;0;0;0;0;0;0;0
Seohaeicola_Rhodobacteraceae_Rhodobacterales_Alphaproteobacteria_Proteobacteria;0,002784181;0,003488259;0,004886551;0;0;0,01024199;0;0;0;0;0;0;0;0;0;0;0;0;0;0;0;0;0
Shewanella_Shewanellaceae_Alteromonadales_Gammaproteobacteria_Proteobacteria;0;0,003488259;0;0;0,004907638;0;0;0;0;0;0;0;0;0;0;0;0;0;0;0;0;0;0
Shimia_Rhodobacteraceae_Rhodobacterales_Alphaproteobacteria_Proteobacteria;0;0;0;0;0;0;0;0;0;0;0;0;0;0;0;0;0;0;0;0;0;0;0
Shinella_Rhizobiaceae_Rhizobiales_Alphaproteobacteria_Proteobacteria;0,016705088;0,394173213;0,345316241;0,306587705;0,013741387;0,019552891;0,386924616;0;0;0,414354816;0,009348503;0,369117195;0;0;0,346185889;0,003840718;0,389520916;0,352563712;0,004387774;0,304373167;0,325331195;0,264717824;0,027299217
Sideroxydans_Gallionellaceae_Nitrosomonadales_Betaproteobacteria_Proteobacteria;0,003341018;0,003488259;0;0;0;0;0;0;0;0;0;0;0;0;0;0;0;0;0;0;0;0;0
Simiduia_Cellvibrionaceae_Cellvibrionales_Gammaproteobacteria_Proteobacteria;0;0;0;0;0;0;0;0;0;0;0;0;0;0;0;0;0;0;0;0;0;0;0
Simplicispira_Comamonadaceae_Burkholderiales_Betaproteobacteria_Proteobacteria;0,030069159;0,011162427;0,004072125;0,004367346;0,040242634;0,054003222;0,056333852;0,035143456;0,037053211;0;0,028980359;0,025838204;0,01353843;0,039119039;0,043677659;0,060683341;0,045929904;0,017079211;0,028959308;0,015727489;0,035559456;0,057382596;0,00949538
Skermanella_Rhodospirillaceae_Rhodospirillales_Alphaproteobacteria_Proteobacteria;0;0;0;0;0;0,00465545;0;0;0,006616645;0;0;0;0;0;0,004044228;0;0;0;0;0;0;0;0
SM1A02_Phycisphaeraceae_Phycisphaerales_Phycisphaerae_Planctomycetes;0;0;0;0;0;0;0;0;0;0;0;0;0;0;0;0;0;0;0;0;0;0;0
Smithella_Syntrophaceae_Syntrophobacterales_Deltaproteobacteria_Proteobacteria;0;0;0;0;0;0;0;0;0;0;0;0;0;0;0;0;0;0;0;0;0;0;0
Sneathiella_Sneathiellaceae_Sneathiellales_Alphaproteobacteria_Proteobacteria;0,016148252;0,019534248;0,020360627;0,019216323;0,030427357;0,023277251;0,034096805;0,022491812;0,017203277;0,040012804;0,045807664;0,034450938;0,027721547;0,048898799;0,017794602;0,067596632;0,045046637;0,050017689;0,076347266;0,039781295;0,043125298;0,109893084;0,034420752
Sphingobium_Sphingomonadaceae_Sphingomonadales_Alphaproteobacteria_Proteobacteria;0,009466217;0,010464776;0,007329826;0,006987754;0,005889166;0,01024199;0,025201987;0,033737717;0;0,007113387;0,010283353;0,014764688;0,032879044;0,015647616;0,004853073;0,017667302;0,024731487;0,025618816;0,013163322;0,029604685;0,007565842;0,007578833;0,005341151
Sphingomonas_Sphingomonadaceae_Sphingomonadales_Alphaproteobacteria_Proteobacteria;0,017818761;0,019534248;0,016288502;0,021836731;0,023556664;0,017690711;0,014824698;0,012651644;0,01323329;0,018672642;0,012153054;0,014764688;0,014827804;0,021515472;0,017794602;0,025348737;0,013249011;0,032938478;0,022816424;0,03608071;0,059013566;0,032480715;0,03323383
Sphingopyxis_Sphingomonadaceae_Sphingomonadales_Alphaproteobacteria_Proteobacteria;0,373080307;0,401847382;0,37382112;0,403542791;0,352368426;0,648969749;0,637462012;0,629770724;0,719890958;0,787807654;0,851648608;0,975699785;0,885800121;0,824433752;0,66487103;0,769679838;0,686298756;0,671375649;0,630961888;0,564339307;0,578030309;0,612802815;0,760223854
Sphingorhabdus_Sphingomonadaceae_Sphingomonadales_Alphaproteobacteria_Proteobacteria;0,03897854;0,023022506;0,019546202;0,019216323;0,025519719;0,01582853;0,011859758;0;0,018526606;0,019561815;0,019631856;0,01968625;0,006446871;0,037163087;0,01455922;0,024580594;0,012365743;0,054490816;0,013163322;0,019428074;0,034802872;0,023277845;0,018397299
Stakelama_Sphingomonadaceae_Sphingomonadales_Alphaproteobacteria_Proteobacteria;0;0;0;0;0;0;0;0;0;0;0;0;0;0;0;0;0;0;0;0;0;0;0
Stappia_Rhodobacteraceae_Rhodobacterales_Alphaproteobacteria_Proteobacteria;0;0;0;0,007861223;0,005889166;0;0;0;0,009263303;0;0;0;0;0;0;0;0;0;0;0;0;0;0
Stenotrophomonas_Xanthomonadaceae_Xanthomonadales_Gammaproteobacteria_Proteobacteria;0;0;0;0;0;0;0;0;0;0;0;0;0;0;0;0;0;0;0;0;0;0;0
Streptomyces_Streptomycetaceae_Streptomycetales_Actinobacteria_Actinobacteria;0;0;0;0;0;0;0;0;0;0;0;0;0;0;0;0;0;0;0;0;0;0;0
Subsaxibacter_Flavobacteriaceae_Flavobacteriales_Flavobacteriia_Bacteroidetes;0,005568363;0,00418591;0,007329826;0,004367346;0,007852221;0;0;0,007028691;0;0,007113387;0;0,006151953;0,003223436;0;0,006470764;0;0;0,003253183;0;0;0;0,004330762;0
Sufflavibacter_Flavobacteriaceae_Flavobacteriales_Flavobacteriia_Bacteroidetes;0;0;0;0;0;0;0;0;0;0;0;0;0;0;0;0;0;0;0;0;0;0;0
Sulfitobacter_Rhodobacteraceae_Rhodobacterales_Alphaproteobacteria_Proteobacteria;0;0;0,014659652;0,006987754;0;0,00744872;0;0;0;0,007113387;0,009348503;0;0;0;0;0;0;0,002033239;0;0;0;0;0
Tabrizicola_Rhodobacteraceae_Rhodobacterales_Alphaproteobacteria_Proteobacteria;0;0;0;0;0;0;0;0;0;0;0;0;0;0;0;0;0;0;0;0;0;0;0
Tateyamaria_Rhodobacteraceae_Rhodobacterales_Alphaproteobacteria_Proteobacteria;0;0;0;0;0;0;0;0;0;0;0;0;0;0;0;0;0;0;0;0;0;0;0
Tenacibaculum_Flavobacteriaceae_Flavobacteriales_Flavobacteriia_Bacteroidetes;0;0;0;0;0;0;0;0;0;0;0;0;0;0;0;0;0;0;0;0;0;0;0
Terrabacter_Intrasporangiaceae_Micrococcales_Actinobacteria_Actinobacteria;0;0;0;0;0;0;0;0;0;0;0;0;0;0;0;0;0;0;0;0;0;0;0
Terrimonas_Chitinophagaceae_Sphingobacteriales_Sphingobacteriia_Bacteroidetes;0,098003185;0,141623296;0,052937631;0,093461209;0,086374433;0,123834974;0,284634201;0,16587711;0,116452949;0,38679044;0,337480952;0,524146416;0,332013874;0,451824903;0,063898797;0,175904873;0,097159412;0,089869181;0,093898362;0,039781295;0,052960892;0,080660441;0,083084574
Thalassobaculum_Rhodospirillaceae_Rhodospirillales_Alphaproteobacteria_Proteobacteria;0,089093805;0,088601766;0,140895542;0,298726482;0,07950374;0,36033184;0,14528204;0,084344293;0,16673945;0,168942951;0,169207901;0,286681021;0,231442681;0,281657083;0,626046444;0,208166902;0,244665065;0,367203035;0,50108378;0,337678438;0,376022334;0,365949384;0,399399417
Thalassospira_Rhodospirillaceae_Rhodospirillales_Alphaproteobacteria_Proteobacteria;0,002784181;0;0;0;0;0;0;0;0;0;0;0;0;0;0;0;0;0;0;0;0;0;0
Thauera_Rhodocyclaceae_Rhodocyclales_Betaproteobacteria_Proteobacteria;0;0;0;0;0;0;0;0;0;0;0;0;0;0;0;0;0;0;0;0;0;0;0
Thermovum_Phyllobacteriaceae_Rhizobiales_Alphaproteobacteria_Proteobacteria;0,016705088;0,034882585;0,008958676;0,037559178;0,013741387;0,00558654;0,019272107;0,056229529;0;0;0;0,049215626;0,047062161;0;0,054192651;0,004608861;0,079494064;0,011792789;0,017551096;0,01295205;0,00907901;0,18892949;0,040355365
Thiobacillus_Hydrogenophilaceae_Hydrogenophilales_Betaproteobacteria_Proteobacteria;0;0;0;0;0;0;0;0;0;0;0;0;0;0;0;0;0;0;0;0;0;0;0
Thiogranum_Ectothiorhodospiraceae_Chromatiales_Gammaproteobacteria_Proteobacteria;0;0;0;0;0;0;0;0;0;0;0;0;0;0;0;0;0;0;0;0;0;0;0
Thiohalocapsa_Chromatiaceae_Chromatiales_Gammaproteobacteria_Proteobacteria;0;0;0;0,042799993;0;0,00744872;0;0;0;0;0;0;0;0;0;0,024580594;0;0;0;0;0;0;0
Tistrella_Rhodospirillaceae_Rhodospirillales_Alphaproteobacteria_Proteobacteria;0,027284978;0,005581214;0,010587526;0,006987754;0,01668597;0,01117308;0,008894819;0;0,01323329;0;0,007478802;0,009843125;0;0,008801784;0,008897301;0,005377005;0;0,008539605;0,007020438;0;0,011348763;0;0,002967306
Tropicimonas_Rhodobacteraceae_Rhodobacterales_Alphaproteobacteria_Proteobacteria;0;0;0;0;0;0;0;0;0;0;0;0;0;0;0;0;0;0;0;0;0;0;0
Tumebacillus_Alicyclobacillaceae_Bacillales_Bacilli_Firmicutes;0;0;0;0;0;0;0;0;0;0;0;0;0;0;0;0;0;0;0;0;0;0;0
uncultured_Alcaligenaceae_Burkholderiales_Betaproteobacteria_Proteobacteria;0;0;0;0;0;0;0;0;0;0;0;0;0;0;0;0;0;0;0;0;0;0;0
uncultured_Aurantimonadaceae_Rhizobiales_Alphaproteobacteria_Proteobacteria;0,002784181;0;0;0;0;0;0;0;0;0;0;0;0;0;0;0;0;0;0;0;0;0;0
uncultured_Beijerinckiaceae_Rhizobiales_Alphaproteobacteria_Proteobacteria;0,018932433;0,014650686;0,007329826;0,013975508;0,005889166;0,00465545;0;0,018274597;0;0,032899417;0;0,008612735;0,005802184;0;0,004853073;0,018435445;0,012365743;0,024398873;0;0;0,007565842;0,015157667;0,036201136
uncultured_Bradyrhizobiaceae_Rhizobiales_Alphaproteobacteria_Proteobacteria;0;0;0;0;0;0;0;0;0;0;0;0;0;0;0;0;0;0;0;0;0;0;0
uncultured_Brucellaceae_Rhizobiales_Alphaproteobacteria_Proteobacteria;0;0;0;0;0;0;0;0;0;0;0;0;0;0;0;0;0;0;0;0;0;0;0
uncultured_Caulobacteraceae_Caulobacterales_Alphaproteobacteria_Proteobacteria;58,23839275;58,2294995;54,8482726;60,41437381;57,5754304;58,05904973;63,9952561;62,92365436;63,11882171;65,10883483;66,3958717;65,56013534;67,57868406;63,35524;57,17243778;71,09168561;73,15220464;58,79111718;66,31505972;69,73013479;67,77102737;73,48057924;79,55526014
uncultured_Chitinophagaceae_Sphingobacteriales_Sphingobacteriia_Bacteroidetes;0,003897854;0,004883562;0;0,008734692;0,007852221;0;0,014824698;0;0;0,016005122;0,014022754;0,012303906;0,008380933;0,012713688;0;0;0;0,004879775;0,013163322;0;0;0;0
uncultured_Colwelliaceae_Alteromonadales_Gammaproteobacteria_Proteobacteria;0;0,004883562;0;0;0,005889166;0;0;0;0;0;0;0;0;0;0;0;0;0;0;0;0;0;0
uncultured_Comamonadaceae_Burkholderiales_Betaproteobacteria_Proteobacteria;1,942801777;3,596394536;1,504243155;0,356375452;2,069060285;1,268144617;1,59069009;0,251627142;4,218772745;1,821916347;0,205667062;2,347585358;3,034542337;1,75448891;0,203829075;2,412738893;1,576632278;1,653430278;2,251805569;0,858535863;1,217343936;0,16619299;0,176257989
uncultured_Corynebacteriaceae_Corynebacteriales_Actinobacteria_Actinobacteria;0;0;0;0;0;0;0;0;0;0;0;0;0;0;0;0;0;0;0;0;0;0;0
uncultured_Cryomorphaceae_Flavobacteriales_Flavobacteriia_Bacteroidetes;0,034523849;0,019534248;0,030133729;0,0113551;0,065762353;0,021415071;0,013342228;0,008434429;0,043669856;0,019561815;0,010283353;0,013534297;0,006446871;0,01466964;0,005661919;0;0;0,011792789;0,004387774;0;0;0,004330762;0
uncultured_Cyclobacteriaceae_Cytophagales_Cytophagia_Bacteroidetes;0;0;0;0;0;0;0;0;0;0;0;0;0;0;0;0;0;0;0;0;0;0;0
uncultured_Cytophagaceae_Cytophagales_Cytophagia_Bacteroidetes;0;0;0;0;0;0;0;0;0;0;0;0;0;0;0;0;0;0;0;0;0;0;0
uncultured_Erythrobacteraceae_Sphingomonadales_Alphaproteobacteria_Proteobacteria;0;0;0;0;0;0;0;0;0;0;0;0;0;0;0;0;0;0;0;0;0;0;0
uncultured_Gemmatimonadaceae_Gemmatimonadales_Gemmatimonadetes_Gemmatimonadetes;0;0;0;0;0;0;0;0;0;0;0;0;0;0;0;0;0;0;0;0;0;0,011909595;0,010682302
uncultured_Geodermatophilaceae_Frankiales_Actinobacteria_Actinobacteria;0;0;0;0;0;0;0;0;0,009263303;0;0;0;0;0,007823808;0,004853073;0,006145148;0;0,006913014;0,008775548;0;0,015131683;0,01028556;0,007714996
uncultured_Holophagaceae_Holophagales_Holophagae_Acidobacteria;0;0;0;0;0;0;0;0;0;0;0;0;0;0;0;0;0;0;0;0;0;0;0
uncultured_Hyphomicrobiaceae_Rhizobiales_Alphaproteobacteria_Proteobacteria;0,026171305;0,034184934;0,010587526;0,029697954;0,014722915;0,024208341;0,014824698;0,03936067;0,014556619;0,025786029;0,019631856;0,034450938;0,01805124;0,022493448;0,01455922;0,014594727;0,022964952;0,014232676;0,022816424;0,025904099;0,012861931;0,030856679;0,02848614
uncultured_Hyphomonadaceae_Caulobacterales_Alphaproteobacteria_Proteobacteria;0,00445469;0,00418591;0;0,027077547;0;0;0;0;0;0;0;0;0;0;0;0;0;0;0;0;0;0,007037488;0
uncultured_Methylophilaceae_Methylophilales_Betaproteobacteria_Proteobacteria;0;0;0;0;0;0;0;0;0;0;0;0;0;0;0;0;0;0;0;0;0;0;0
uncultured_Micromonosporaceae_Micromonosporales_Actinobacteria_Actinobacteria;0,005568363;0,007674169;0;0,0113551;0;0,00558654;0,017789638;0;0,010586632;0,007113387;0,004674251;0,009843125;0,005157497;0,00488988;0;0,007681436;0;0,004879775;0;0;0;0;0
uncultured_Nitrosomonadaceae_Nitrosomonadales_Betaproteobacteria_Proteobacteria;0;0;0;0;0;0;0;0;0;0;0;0;0;0;0;0;0;0;0;0;0;0;0
uncultured_Oceanospirillaceae_Oceanospirillales_Gammaproteobacteria_Proteobacteria;0;0;0;0;0;0;0;0;0;0;0;0;0;0;0;0;0;0;0;0;0;0;0
uncultured_Oxalobacteraceae_Burkholderiales_Betaproteobacteria_Proteobacteria;0;0;0;0;0;0;0;0;0;0;0;0;0;0;0;0;0;0;0;0;0;0;0
uncultured_Phycisphaeraceae_Phycisphaerales_Phycisphaerae_Planctomycetes;0;0;0;0;0;0;0;0;0;0;0;0;0;0;0;0;0;0;0;0;0;0;0
uncultured_Phyllobacteriaceae_Rhizobiales_Alphaproteobacteria_Proteobacteria;0;0,003488259;0;0,006987754;0;0;0;0,008434429;0;0,009780908;0;0,006151953;0;0,013691664;0,008088455;0,015362871;0;0,015045972;0,004387774;0,009251464;0,030263367;0,131546894;0,004154229
uncultured_Pseudomonadaceae_Pseudomonadales_Gammaproteobacteria_Proteobacteria;0;0;0;0;0;0;0;0;0;0;0;0;0;0;0;0;0;0,002439887;0;0;0;0,002706726;0
uncultured_Rhodobacteraceae_Rhodobacterales_Alphaproteobacteria_Proteobacteria;0,44602586;0,48207733;0,55543792;0,45245707;0,73418268;0,52606586;0,42250389;0,45124197;0,35332883;0,40368474;0,28232479;0,29283297;0,21210207;0,25916364;0,20140254;0,22352977;0,24201526;0,23382253;0,30451151;0,1933556;0,24588986;0,49045879;0,30859985
uncultured_Rhodobiaceae_Rhizobiales_Alphaproteobacteria_Proteobacteria;0;0;0,006515401;0,012228569;0;0;0;0;0;0,004445867;0,040198562;0,007382344;0,00902562;0,022493448;0,021029984;0,009985866;0,007066139;0,019519098;0,03861241;0,02312866;0,021184357;0,092028691;0,011275764
uncultured_Rhodospirillaceae_Rhodospirillales_Alphaproteobacteria_Proteobacteria;0,2388828;0,248364;0,2044207;0,2838775;0,2983844;0,2607052;0,2283003;0,2319468;0,2024693;0,2160691;0,2009928;0,2263919;0,2114574;0,3041505;0,1722841;0,1720642;0,165171;0,3407709;0,3650628;0,2405381;0,341976;0,3280552;0,3946517
uncultured_Saprospiraceae_Sphingobacteriales_Sphingobacteriia_Bacteroidetes;0;0;0;0;0;0;0;0;0;0;0;0;0;0;0;0;0;0;0;0;0;0;0
uncultured_Sphingomonadaceae_Sphingomonadales_Alphaproteobacteria_Proteobacteria;0;0;0;0;0;0;0;0;0;0;0;0;0;0;0;0;0;0;0;0;0;0;0
uncultured_Xanthobacteraceae_Rhizobiales_Alphaproteobacteria_Proteobacteria;0;0;0;0,004367346;0;0;0;0;0;0,008002561;0;0;0;0;0;0,008449579;0;0,003659831;0;0,02312866;0,055987229;0,007578833;0,008308457
uncultured_Xanthomonadaceae_Xanthomonadales_Gammaproteobacteria_Proteobacteria;0;0;0;0;0;0;0;0;0;0;0;0;0;0;0;0;0;0;0;0;0;0;0
uncultured_Xanthomonadales-Incertae-Sedis_Xanthomonadales_Gammaproteobacteria_Proteobacteria;0;0;0;0,004367346;0;0,00744872;0,007412349;0,012651644;0;0;0,007478802;0;0;0;0;0;0;0,006099718;0,004387774;0;0,003782921;0,003789417;0
Undibacterium_Oxalobacteraceae_Burkholderiales_Betaproteobacteria_Proteobacteria;0;0,003488259;0;0;0;0;0;0;0;0;0;0;0;0;0;0;0;0;0;0;0;0;0
Variibacter_Xanthobacteraceae_Rhizobiales_Alphaproteobacteria_Proteobacteria;0;0;0;0;0;0;0;0;0;0;0;0,011073516;0;0;0;0;0,017665348;0,003253183;0;0,011101757;0;0,004330762;0,031453446
Variovorax_Comamonadaceae_Burkholderiales_Betaproteobacteria_Proteobacteria;0,041762721;0,050928574;0,099359862;0,932865154;0,085392906;0,073556112;0,047439033;0,070286911;0,092633028;0,057796273;1,551851471;0,068901876;0,035457792;0,036185111;0,103532228;0,065292202;0,786991238;0,056117407;0,056163506;0,091589494;0,06884916;0,035728786;0,026112295
Vitellibacter_Flavobacteriaceae_Flavobacteriales_Flavobacteriia_Bacteroidetes;0;0;0;0;0;0;0;0;0;0;0;0;0;0;0;0;0;0;0;0;0;0;0
Williamsia_Nocardiaceae_Corynebacteriales_Actinobacteria_Actinobacteria;0;0;0;0;0;0;0;0;0;0;0;0;0;0;0;0;0;0;0;0;0;0;0
Xanthobacter_Xanthobacteraceae_Rhizobiales_Alphaproteobacteria_Proteobacteria;0;0;0;0;0;0;0;0;0;0;0;0;0;0;0;0;0;0;0;0;0;0;0
Xylophilus_Comamonadaceae_Burkholderiales_Betaproteobacteria_Proteobacteria;0;0;0;0;0;0;0;0;0;0;0;0;0;0;0;0;0;0;0;0;0,005296089;0;0
Yangia_Rhodobacteraceae_Rhodobacterales_Alphaproteobacteria_Proteobacteria;0;0;0;0;0;0;0;0;0;0;0;0;0;0;0;0;0;0;0;0;0;0;0
Youngimonas_Rhodobacteraceae_Rhodobacterales_Alphaproteobacteria_Proteobacteria;0;0;0;0;0;0;0;0;0;0;0;0;0;0;0;0;0;0;0;0;0;0;0
