Friedmanniella_Propionibacteriaceae_Propionibacteriales_Actinobacteria_Actinobacteria;0;0;0;0;0;0;0;0;0;0;0;0;0;0;0;0;0;0;0;0;0;0
Hephaestia_Sphingomonadaceae_Sphingomonadales_Alphaproteobacteria_Proteobacteria;0;0;0;0;0;0;0;0;0;0;0;0;0;0;0;0;0;0;0;0;0;0
Ideonella_Comamonadaceae_Burkholderiales_Betaproteobacteria_Proteobacteria;0;0;0;0;0;0;0;0;0;0;0;0;0;0;0;0;0;0;0,000917764;0;0;0
Candidatus-Latescibacter_Unknown-Family_Unknown-Order_Latescibacteria-Incertae-Sedis_Latescibacteria;0;0;0;0;0;0;0;0;0;0;0;0;0;0;0;0;0;0;0;0;0;0
Asticcacaulis_Caulobacteraceae_Caulobacterales_Alphaproteobacteria_Proteobacteria;0;0;0;0;0;0;0;0;0;0;0;0;0;0;0;0;0;0;0;0,001132445;0;0
Blastococcus_Geodermatophilaceae_Frankiales_Actinobacteria_Actinobacteria;0;0;0;0;0;0;0;0;0;0;0;0;0;0;0;0;0;0;0;0;0;0
Silanimonas_Xanthomonadaceae_Xanthomonadales_Gammaproteobacteria_Proteobacteria;0;0;0;0;0;0;0;0;0;0;0;0;0;0;0;0;0;0;0;0;0;0
Blautia_Lachnospiraceae_Clostridiales_Clostridia_Firmicutes;0;0;0;0;0;0;0;0;0;0;0;0;0;0;0;0;0;0;0;0;0;0
Roseomonas_Acetobacteraceae_Rhodospirillales_Alphaproteobacteria_Proteobacteria;0;0;0;0;0;0;0;0;0;0;0;0;0;0;0;0;0;0;0;0;0;0
Denitromonas_Rhodocyclaceae_Rhodocyclales_Betaproteobacteria_Proteobacteria;0;0;0;0;0;0;0;0;0;0;0;0;0;0;0;0;0;0;0;0;0;0
Maribacter_Flavobacteriaceae_Flavobacteriales_Flavobacteriia_Bacteroidetes;0;0;0;0;0;0;0;0;0;0;0;0;0;0;0;0;0;0;0;0;0;0
Tepidamorphus_Rhodobiaceae_Rhizobiales_Alphaproteobacteria_Proteobacteria;0;0;0;0;0;0;0;0;0;0;0;0;0;0;0;0;0;0;0;0;0;0
uncultured_Flammeovirgaceae_Cytophagales_Cytophagia_Bacteroidetes;0;0;0;0;0;0;0;0;0;0;0;0;0;0;0;0;0;0;0;0;0;0
_Chitinophagaceae_Sphingobacteriales_Sphingobacteriia_Bacteroidetes;0;0;0;0;0;0;0;0;0;0;0;0;0;0;0;0;0;0;0;0;0;0
Litoricola_Litoricolaceae_Oceanospirillales_Gammaproteobacteria_Proteobacteria;0;0;0;0;0;0;0;0;0;0;0;0;0;0;0;0;0;0;0;0;0;0
____Atribacteria;0;0;0;0;0;0;0;0;0;0;0;0;0;0;0;0,001365085;0;0;0;0;0;0
Empedobacter_Flavobacteriaceae_Flavobacteriales_Flavobacteriia_Bacteroidetes;0;0;0;0;0;0;0;0;0;0;0;0;0;0;0;0,001365085;0;0;0;0;0;0
Jeotgalibacillus_Planococcaceae_Bacillales_Bacilli_Firmicutes;0;0;0;0;0;0;0;0;0;0;0;0;0;0;0;0,001365085;0;0;0;0;0;0
Thiomonas_Burkholderiales-Incertae-Sedis_Burkholderiales_Betaproteobacteria_Proteobacteria;0;0;0;0;0;0;0;0;0;0;0;0;0;0;0;0;0;0;0;0;0;0,001380091
__aaa34a10_Gammaproteobacteria_Proteobacteria;0;0;0;0;0;0;0;0;0;0;0;0;0;0;0;0;0;0;0;0;0;0
Fodinicola_Cryptosporangiaceae_Frankiales_Actinobacteria_Actinobacteria;0;0;0;0;0;0;0;0;0;0;0;0;0;0;0;0;0;0;0;0;0;0
Brochothrix_Listeriaceae_Bacillales_Bacilli_Firmicutes;0;0;0;0;0;0;0,001466663;0;0;0;0;0;0;0;0;0;0;0;0;0;0;0
uncultured_Sphingobacteriaceae_Sphingobacteriales_Sphingobacteriia_Bacteroidetes;0;0;0;0;0;0;0;0;0;0;0,00152553;0;0;0;0;0;0;0;0;0;0;0
Desulfotomaculum_Peptococcaceae_Clostridiales_Clostridia_Firmicutes;0;0;0;0;0;0;0;0;0;0;0;0;0;0;0;0;0;0;0;0;0;0
Clostridium-sensu-stricto-1_Clostridiaceae-1_Clostridiales_Clostridia_Firmicutes;0;0;0;0;0;0;0;0;0;0;0;0;0;0;0,001554992;0;0;0;0;0;0;0
Haloplasma_Haloplasmataceae_Haloplasmatales_Mollicutes_Tenericutes;0;0;0;0;0;0;0;0;0;0;0;0;0;0;0,001554992;0;0;0;0;0;0;0
uncultured_Christensenellaceae_Clostridiales_Clostridia_Firmicutes;0;0;0;0;0;0;0;0;0;0;0;0;0;0;0,001554992;0;0;0;0;0;0;0
uncultured_Porphyromonadaceae_Bacteroidales_Bacteroidia_Bacteroidetes;0;0;0;0;0;0;0;0;0;0;0;0;0;0;0,001554992;0;0;0;0;0;0;0
uncultured_Coriobacteriaceae_Coriobacteriales_Coriobacteriia_Actinobacteria;0;0;0;0;0;0;0;0;0;0;0;0;0;0;0;0;0;0;0;0;0;0
_Erythrobacteraceae_Sphingomonadales_Alphaproteobacteria_Proteobacteria;0;0;0;0;0;0;0;0;0;0;0;0;0;0;0;0;0;0;0;0;0;0
Pseudoclavibacter_Microbacteriaceae_Micrococcales_Actinobacteria_Actinobacteria;0;0;0;0;0;0;0;0;0;0;0;0;0;0;0;0;0;0;0;0;0;0
_M113_Desulfuromonadales_Deltaproteobacteria_Proteobacteria;0;0;0;0;0;0;0;0;0;0;0;0;0;0;0;0;0;0;0;0;0;0
Gemmatimonas_Gemmatimonadaceae_Gemmatimonadales_Gemmatimonadetes_Gemmatimonadetes;0;0;0;0;0;0;0;0;0;0;0;0;0;0;0;0;0;0;0;0;0;0
____Armatimonadetes;0;0;0;0;0;0;0;0;0,001770303;0;0;0;0;0;0;0;0;0;0;0;0;0
uncultured_Desulfobacteraceae_Desulfobacterales_Deltaproteobacteria_Proteobacteria;0;0;0;0;0;0;0;0;0,001770303;0;0;0;0;0;0;0;0;0;0;0;0;0
Pelomonas_Comamonadaceae_Burkholderiales_Betaproteobacteria_Proteobacteria;0;0;0;0;0;0;0;0;0;0;0;0;0;0;0;0;0;0;0;0;0;0
_Hyphomonadaceae_Caulobacterales_Alphaproteobacteria_Proteobacteria;0;0;0;0;0;0;0;0;0;0;0;0;0;0;0;0;0;0;0;0;0;0
Rubidimonas_Saprospiraceae_Sphingobacteriales_Sphingobacteriia_Bacteroidetes;0;0;0;0;0;0;0;0;0;0;0;0;0;0;0;0;0;0;0;0;0;0
Rubrivirga_Rhodothermaceae_Order-II_Cytophagia_Bacteroidetes;0;0;0;0;0;0;0;0;0;0;0;0;0;0;0;0;0;0;0;0;0;0
Desulfosporosinus_Peptococcaceae_Clostridiales_Clostridia_Firmicutes;0;0;0;0;0;0;0;0;0;0;0;0;0;0;0;0;0;0;0;0;0;0
Trichococcus_Carnobacteriaceae_Lactobacillales_Bacilli_Firmicutes;0;0;0;0;0;0;0;0;0;0;0;0;0;0;0;0;0;0;0;0;0;0
Pibocella_Flavobacteriaceae_Flavobacteriales_Flavobacteriia_Bacteroidetes;0;0;0;0;0;0;0;0;0;0;0;0;0;0;0;0;0;0;0;0;0;0
Pseudopelagicola_Rhodobacteraceae_Rhodobacterales_Alphaproteobacteria_Proteobacteria;0;0;0;0;0;0;0;0;0;0;0;0;0;0;0;0;0;0;0;0;0;0
Acidothermus_Acidothermaceae_Frankiales_Actinobacteria_Actinobacteria;0;0;0;0;0;0;0;0;0;0;0;0;0;0;0;0;0;0;0;0;0;0
Castellaniella_Alcaligenaceae_Burkholderiales_Betaproteobacteria_Proteobacteria;0;0;0;0;0;0;0;0;0;0;0;0;0;0;0;0;0;0;0;0;0;0
_KCM-B-112_Acidithiobacillales_Gammaproteobacteria_Proteobacteria;0;0;0,002006159;0;0;0;0;0;0;0;0;0;0;0;0;0;0;0;0;0;0;0
Planktomarina_Rhodobacteraceae_Rhodobacterales_Alphaproteobacteria_Proteobacteria;0;0;0;0;0;0;0;0;0;0;0;0;0;0;0;0;0;0;0;0;0;0
____TM6;0;0;0;0;0;0;0;0;0;0;0;0;0;0;0;0;0;0;0;0;0,002053915;0
_Kazan-2B-17_Clostridiales_Clostridia_Firmicutes;0;0;0;0;0;0;0;0;0;0;0;0;0;0;0;0;0;0;0;0;0,002053915;0
Intestinibacter_Peptostreptococcaceae_Clostridiales_Clostridia_Firmicutes;0;0;0;0;0;0;0;0;0;0;0;0;0;0;0;0;0;0;0;0;0;0,002070136
_Ellin6055_Sphingomonadales_Alphaproteobacteria_Proteobacteria;0;0;0;0;0;0;0;0;0;0;0;0;0;0;0;0;0;0;0;0;0;0
Anaerobacillus_Bacillaceae_Bacillales_Bacilli_Firmicutes;0;0;0;0;0;0;0;0;0;0;0;0;0;0;0;0;0,002127999;0;0;0;0;0
uncultured_Piscirickettsiaceae_Thiotrichales_Gammaproteobacteria_Proteobacteria;0;0;0;0;0;0;0;0;0;0;0;0;0;0;0;0;0;0;0;0;0;0
Roseibacterium_Rhodobacteraceae_Rhodobacterales_Alphaproteobacteria_Proteobacteria;0;0;0;0;0;0;0;0;0;0;0;0;0;0;0;0;0;0;0;0;0;0
Bythopirellula_Planctomycetaceae_Planctomycetales_Planctomycetacia_Planctomycetes;0;0;0;0;0;0;0;0;0;0;0;0;0;0;0;0;0;0;0;0;0;0
Azospirillum_Rhodospirillaceae_Rhodospirillales_Alphaproteobacteria_Proteobacteria;0;0;0;0;0;0;0;0;0;0;0;0;0;0;0;0;0;0;0;0;0;0
Donghicola_Rhodobacteraceae_Rhodobacterales_Alphaproteobacteria_Proteobacteria;0;0;0;0;0;0;0;0;0;0;0;0;0;0;0;0;0;0;0;0;0;0
Hasllibacter_Rhodobacteraceae_Rhodobacterales_Alphaproteobacteria_Proteobacteria;0;0;0;0;0;0;0;0;0;0;0;0;0;0;0;0;0;0;0;0;0;0
Dechloromonas_Rhodocyclaceae_Rhodocyclales_Betaproteobacteria_Proteobacteria;0;0;0;0;0;0;0;0;0;0;0;0;0;0;0;0;0;0;0;0;0;0
Flaviramulus_Flavobacteriaceae_Flavobacteriales_Flavobacteriia_Bacteroidetes;0;0;0;0;0;0;0;0,002266049;0;0;0;0;0;0;0;0;0;0;0;0;0;0
Maritimibacter_Rhodobacteraceae_Rhodobacterales_Alphaproteobacteria_Proteobacteria;0;0;0;0;0;0;0;0,002266049;0;0;0;0;0;0;0;0;0;0;0;0;0;0
_JTB255-marine-benthic-group_Xanthomonadales_Gammaproteobacteria_Proteobacteria;0;0;0;0;0;0;0;0;0;0;0;0;0;0;0;0;0;0;0;0;0;0
__TRA3-20_Betaproteobacteria_Proteobacteria;0;0;0;0;0;0;0;0;0;0;0;0;0;0;0;0;0;0;0;0;0;0
Cryomorpha_Cryomorphaceae_Flavobacteriales_Flavobacteriia_Bacteroidetes;0;0;0;0;0;0;0;0;0;0;0;0;0;0;0;0;0;0;0;0;0;0
_ZD0405_Oceanospirillales_Gammaproteobacteria_Proteobacteria;0;0;0;0;0;0;0;0;0;0;0;0;0;0;0;0;0;0;0;0;0;0
Amaricoccus_Rhodobacteraceae_Rhodobacterales_Alphaproteobacteria_Proteobacteria;0;0;0;0;0;0;0;0;0;0;0;0;0;0;0;0;0;0;0;0;0;0
Synechococcus_FamilyI_SubsectionI_Cyanobacteria_Cyanobacteria;0;0;0;0;0;0;0;0;0;0;0;0;0;0;0;0;0;0;0;0;0;0
Candidatus-Thiobios_Unknown-Family_Unknown-Order_Proteobacteria-Incertae-Sedis_Proteobacteria;0;0;0;0;0;0;0;0;0;0;0;0;0;0;0;0;0;0;0;0;0;0
_MN-122.2a_Sphingomonadales_Alphaproteobacteria_Proteobacteria;0;0;0;0;0;0;0;0;0;0;0;0;0;0;0;0;0;0;0;0;0;0
Albimonas_Rhodobacteraceae_Rhodobacterales_Alphaproteobacteria_Proteobacteria;0;0;0;0;0;0;0;0;0;0;0;0;0;0;0;0;0;0;0;0;0;0
Oceanicella_Rhodobacteraceae_Rhodobacterales_Alphaproteobacteria_Proteobacteria;0;0;0;0;0;0;0;0;0;0;0;0;0;0;0;0;0;0;0;0;0;0
Henriciella_Hyphomonadaceae_Caulobacterales_Alphaproteobacteria_Proteobacteria;0;0;0;0;0;0;0,001466663;0;0;0;0;0;0;0;0;0;0;0;0;0;0;0
Anabaena_FamilyI_SubsectionIV_Cyanobacteria_Cyanobacteria;0;0;0;0;0;0;0;0;0;0;0;0;0;0;0;0;0;0;0;0;0;0
Dasania_Spongiibacteraceae_Cellvibrionales_Gammaproteobacteria_Proteobacteria;0;0;0;0;0;0;0;0;0;0;0;0;0;0;0;0;0;0;0;0;0;0
Lysinibacillus_Planococcaceae_Bacillales_Bacilli_Firmicutes;0;0;0;0;0;0;0;0;0;0;0;0;0;0;0;0;0;0;0;0;0;0
Turicibacter_Erysipelotrichaceae_Erysipelotrichales_Erysipelotrichia_Firmicutes;0;0;0;0;0;0;0;0;0;0;0;0;0;0;0;0;0;0;0;0;0;0
CL500-3_Phycisphaeraceae_Phycisphaerales_Phycisphaerae_Planctomycetes;0;0;0;0;0;0;0;0;0,002655455;0;0;0;0;0;0;0;0;0;0;0;0;0
Lachnospiraceae-UCG-001_Lachnospiraceae_Clostridiales_Clostridia_Firmicutes;0;0;0;0;0;0;0;0;0;0,002740727;0;0;0;0;0;0;0;0;0;0;0;0
Breoghania_Rhodobacteraceae_Rhodobacterales_Alphaproteobacteria_Proteobacteria;0;0;0;0;0;0;0;0;0;0;0;0;0;0;0;0;0;0;0;0;0;0
Paucibacter_Comamonadaceae_Burkholderiales_Betaproteobacteria_Proteobacteria;0;0;0;0;0;0;0;0;0;0;0;0;0;0;0;0;0;0;0;0;0;0
___ARKDMS-49_Proteobacteria;0;0;0;0;0;0;0;0;0;0;0;0;0;0;0;0;0;0;0;0;0;0
Bordetella_Alcaligenaceae_Burkholderiales_Betaproteobacteria_Proteobacteria;0;0;0;0;0;0;0;0;0;0;0;0;0;0;0;0;0;0;0;0;0;0
Salinirepens_Cryomorphaceae_Flavobacteriales_Flavobacteriia_Bacteroidetes;0;0;0;0;0;0;0;0;0;0;0;0;0;0;0;0;0;0;0;0;0;0
Paenirhodobacter_Rhodobacteraceae_Rhodobacterales_Alphaproteobacteria_Proteobacteria;0;0;0;0;0;0,002927101;0;0;0;0;0;0;0;0;0;0;0;0;0;0;0;0
Zymomonas_Sphingomonadaceae_Sphingomonadales_Alphaproteobacteria_Proteobacteria;0;0;0;0;0;0;0;0;0;0;0;0;0;0;0;0;0;0;0;0;0;0
Sulfuritalea_Rhodocyclaceae_Rhodocyclales_Betaproteobacteria_Proteobacteria;0;0;0;0;0;0;0;0;0;0;0;0;0;0;0;0;0;0;0;0;0;0
Veillonella_Veillonellaceae_Selenomonadales_Negativicutes_Firmicutes;0;0;0;0;0;0;0;0;0;0;0;0;0;0;0;0;0;0;0;0;0;0
Marinosulfonomonas_Rhodobacteraceae_Rhodobacterales_Alphaproteobacteria_Proteobacteria;0;0;0;0;0;0;0;0;0;0;0;0;0;0;0;0;0;0;0;0;0;0
Candidatus-Alysiosphaera_Rhodospirillales-Incertae-Sedis_Rhodospirillales_Alphaproteobacteria_Proteobacteria;0,002988137;0;0;0;0;0;0;0;0;0;0;0;0;0;0;0;0;0;0;0;0;0
Pelagicola_Rhodobacteraceae_Rhodobacterales_Alphaproteobacteria_Proteobacteria;0,002988137;0;0;0;0;0;0;0;0;0;0;0;0;0;0;0;0;0;0;0;0;0
Pseudoruegeria_Rhodobacteraceae_Rhodobacterales_Alphaproteobacteria_Proteobacteria;0;0;0;0;0;0;0;0;0;0;0;0;0;0;0;0;0;0;0;0;0;0
Lutimonas_Flavobacteriaceae_Flavobacteriales_Flavobacteriia_Bacteroidetes;0;0;0;0;0;0;0;0;0;0;0;0;0;0;0;0;0;0;0;0;0;0
_SM2D12_Rickettsiales_Alphaproteobacteria_Proteobacteria;0;0;0;0;0;0;0;0;0;0;0;0;0;0;0;0;0;0;0;0;0;0
_MNC12_Rhodospirillales_Alphaproteobacteria_Proteobacteria;0;0;0;0;0;0;0;0;0;0;0;0;0;0;0;0;0;0;0;0;0;0
___Bacteroidetes-VC2.1-Bac22_Bacteroidetes;0;0;0;0;0;0;0;0;0;0;0;0;0;0;0,003109985;0;0;0;0;0;0;0
Dietzia_Dietziaceae_Corynebacteriales_Actinobacteria_Actinobacteria;0;0;0;0;0;0;0;0;0;0;0;0;0;0;0;0;0;0;0;0;0;0
Xenophilus_Comamonadaceae_Burkholderiales_Betaproteobacteria_Proteobacteria;0;0;0;0;0;0;0;0;0;0;0;0;0;0;0;0;0;0;0;0;0;0
uncultured_Heliobacteriaceae_Clostridiales_Clostridia_Firmicutes;0;0;0;0;0;0;0;0;0;0;0;0;0;0;0,001554992;0;0;0;0;0;0;0
Prosthecomicrobium_Hyphomicrobiaceae_Rhizobiales_Alphaproteobacteria_Proteobacteria;0;0;0;0,003228445;0;0;0;0;0;0;0;0;0;0;0;0;0;0;0;0;0;0
Ulvibacter_Flavobacteriaceae_Flavobacteriales_Flavobacteriia_Bacteroidetes;0;0;0;0;0;0;0;0;0;0;0;0;0;0;0;0;0;0;0;0;0;0
uncultured_Peptococcaceae_Clostridiales_Clostridia_Firmicutes;0;0;0;0;0,003246753;0;0;0;0;0;0;0;0;0;0;0;0;0;0;0;0;0
Brevibacterium_Brevibacteriaceae_Micrococcales_Actinobacteria_Actinobacteria;0;0;0;0;0;0;0;0;0;0;0;0;0;0;0;0;0;0;0;0;0;0
Thiohalorhabdus_Unknown-Family_Gammaproteobacteria-Incertae-Sedis_Gammaproteobacteria_Proteobacteria;0;0;0;0;0;0;0;0;0;0;0;0;0;0;0;0;0;0;0;0;0;0
_EF100-94H03_Rickettsiales_Alphaproteobacteria_Proteobacteria;0;0;0;0;0;0;0;0;0;0;0;0;0;0;0;0;0;0;0;0;0;0
Corynebacterium_Corynebacteriaceae_Corynebacteriales_Actinobacteria_Actinobacteria;0;0;0;0;0;0;0;0;0;0;0;0;0;0;0;0;0;0;0;0;0;0
Ascidiaceihabitans_Rhodobacteraceae_Rhodobacterales_Alphaproteobacteria_Proteobacteria;0;0;0;0;0;0;0;0;0;0;0;0;0;0;0;0;0;0;0;0;0;0
uncultured_Rhodothermaceae_Order-II_Cytophagia_Bacteroidetes;0;0;0;0;0;0;0;0;0;0;0;0;0;0;0;0;0;0;0;0;0;0
Starkeya_Xanthobacteraceae_Rhizobiales_Alphaproteobacteria_Proteobacteria;0;0;0;0;0;0;0;0;0;0;0;0;0;0;0;0;0;0;0;0;0;0
Plesiomonas_Enterobacteriaceae_Enterobacteriales_Gammaproteobacteria_Proteobacteria;0;0;0;0,002152297;0;0;0,001466663;0;0;0;0;0;0;0;0;0;0;0;0;0;0;0
___Bacteroidetes-BD2-2_Bacteroidetes;0;0;0;0;0;0;0;0;0;0;0;0;0;0;0;0;0;0;0;0;0;0
Reinekea_Oceanospirillaceae_Oceanospirillales_Gammaproteobacteria_Proteobacteria;0;0;0;0;0;0;0;0;0;0;0;0;0;0;0;0;0;0;0;0;0;0
_LD29_Chthoniobacterales_Spartobacteria_Verrucomicrobia;0;0;0;0;0;0;0;0;0;0;0;0;0;0;0;0;0;0;0;0;0;0
Brucella_Brucellaceae_Rhizobiales_Alphaproteobacteria_Proteobacteria;0;0;0;0;0;0;0;0;0;0;0;0;0;0;0;0;0;0;0;0;0;0
Aquabacter_Xanthobacteraceae_Rhizobiales_Alphaproteobacteria_Proteobacteria;0;0;0;0;0;0;0;0;0;0;0;0;0;0;0;0;0;0;0;0;0;0
uncultured_Desulfovibrionaceae_Desulfovibrionales_Deltaproteobacteria_Proteobacteria;0;0;0;0;0;0;0;0,002266049;0;0;0;0;0;0;0;0;0;0;0;0;0;0
uncultured_Draconibacteriaceae_Bacteroidia-Incertae-Sedis_Bacteroidia_Bacteroidetes;0,001992091;0;0;0;0;0;0;0;0;0;0;0;0;0;0;0;0;0;0;0;0;0
_SUP05-cluster_Oceanospirillales_Gammaproteobacteria_Proteobacteria;0;0;0;0;0;0;0;0;0;0;0;0;0;0;0;0;0;0;0;0;0;0
uncultured_Nitrospinaceae_Desulfobacterales_Deltaproteobacteria_Proteobacteria;0;0,001855322;0;0;0;0;0;0;0;0;0;0;0;0;0;0;0;0;0;0;0;0
Zeaxanthinibacter_Flavobacteriaceae_Flavobacteriales_Flavobacteriia_Bacteroidetes;0;0;0;0;0;0;0;0;0;0;0;0;0;0;0;0;0;0;0;0;0;0
Neorhizobium_Rhizobiaceae_Rhizobiales_Alphaproteobacteria_Proteobacteria;0;0;0;0;0;0;0;0;0;0;0;0;0;0;0;0;0;0;0;0;0;0
Agrococcus_Microbacteriaceae_Micrococcales_Actinobacteria_Actinobacteria;0;0;0;0;0;0;0;0;0;0;0;0;0;0;0;0;0;0;0;0;0;0
Roseimaritima_Planctomycetaceae_Planctomycetales_Planctomycetacia_Planctomycetes;0;0;0;0;0;0;0;0;0;0;0;0;0;0;0;0;0;0;0;0;0;0
__Elev-16S-976_Actinobacteria_Actinobacteria;0;0;0;0;0;0;0;0;0;0;0;0;0;0;0;0;0;0;0;0;0;0
Paludibacter_Porphyromonadaceae_Bacteroidales_Bacteroidia_Bacteroidetes;0;0;0;0;0;0;0;0;0;0;0;0;0;0;0;0;0;0;0;0;0;0
Parafilimonas_Chitinophagaceae_Sphingobacteriales_Sphingobacteriia_Bacteroidetes;0;0;0;0;0;0;0;0;0;0;0;0;0;0;0;0;0;0;0;0;0;0
Methyloferula_Beijerinckiaceae_Rhizobiales_Alphaproteobacteria_Proteobacteria;0;0;0;0;0;0;0;0;0;0;0;0;0;0;0;0;0;0;0;0,001132445;0;0
Geodermatophilus_Geodermatophilaceae_Frankiales_Actinobacteria_Actinobacteria;0;0;0;0;0;0;0;0;0;0;0;0;0;0;0;0;0;0;0;0;0;0
__Rhizobiales_Alphaproteobacteria_Proteobacteria;0;0;0;0;0;0,004390651;0;0;0;0;0;0;0;0;0;0;0;0;0;0;0;0
____Parcubacteria;0;0;0;0;0;0;0;0;0;0;0;0;0;0;0;0;0;0;0;0;0;0
____SHA-109;0;0;0;0,002152297;0;0;0;0;0;0;0;0;0;0;0;0;0;0;0;0;0;0
___BSV13_Bacteroidetes;0;0;0;0;0;0;0;0;0;0;0;0;0;0;0;0,001365085;0;0;0;0;0;0
Marinobacter_Alteromonadaceae_Alteromonadales_Gammaproteobacteria_Proteobacteria;0;0;0;0;0;0;0;0;0;0;0;0;0;0;0;0;0;0;0;0;0;0
Mariprofundus_Mariprofundaceae_Mariprofundales_Zetaproteobacteria_Proteobacteria;0;0;0;0;0;0;0;0;0;0;0;0;0;0;0;0;0;0;0;0;0;0
Xanthomonas_Xanthomonadaceae_Xanthomonadales_Gammaproteobacteria_Proteobacteria;0;0;0;0;0;0;0;0;0;0;0;0;0;0;0;0;0;0;0;0;0;0
Propionibacterium_Propionibacteriaceae_Propionibacteriales_Actinobacteria_Actinobacteria;0;0;0;0;0;0;0;0;0;0;0;0;0;0;0;0;0;0;0;0;0;0
Roseisalinus_Rhodobacteraceae_Rhodobacterales_Alphaproteobacteria_Proteobacteria;0;0;0;0;0;0;0;0;0;0;0;0;0;0;0;0;0;0;0;0;0;0
Eoetvoesia_Alcaligenaceae_Burkholderiales_Betaproteobacteria_Proteobacteria;0;0;0;0;0;0;0;0;0;0;0;0;0;0;0;0;0;0;0;0;0;0
Photobacterium_Vibrionaceae_Vibrionales_Gammaproteobacteria_Proteobacteria;0;0,001855322;0;0;0;0;0;0;0;0;0;0;0;0;0;0;0;0;0;0;0;0
Caenimonas_Comamonadaceae_Burkholderiales_Betaproteobacteria_Proteobacteria;0;0;0;0;0;0;0;0;0;0;0;0;0;0;0;0;0;0;0;0;0;0
__UCT-N117_Betaproteobacteria_Proteobacteria;0;0;0;0;0;0;0;0;0;0;0;0;0;0;0;0;0;0;0,000917764;0;0;0
Sagittula_Rhodobacteraceae_Rhodobacterales_Alphaproteobacteria_Proteobacteria;0;0;0;0;0;0;0;0;0;0;0;0;0;0;0;0;0;0,005039307;0;0;0;0
Janthinobacterium_Oxalobacteraceae_Burkholderiales_Betaproteobacteria_Proteobacteria;0;0;0;0;0;0;0;0;0;0;0;0;0;0;0;0;0;0;0;0;0;0
Alicycliphilus_Comamonadaceae_Burkholderiales_Betaproteobacteria_Proteobacteria;0;0;0;0;0;0;0;0;0;0;0;0;0;0;0;0;0;0;0;0;0;0
Lachnospiraceae-UCG-004_Lachnospiraceae_Clostridiales_Clostridia_Firmicutes;0;0;0;0;0;0;0;0;0;0;0;0,001820913;0;0;0;0;0;0;0;0;0;0
Arenimonas_Xanthomonadaceae_Xanthomonadales_Gammaproteobacteria_Proteobacteria;0;0;0;0;0;0;0;0;0;0;0;0;0;0;0;0;0;0;0;0;0;0
_SAR86-clade_Oceanospirillales_Gammaproteobacteria_Proteobacteria;0;0;0;0;0;0;0;0;0;0;0;0;0;0;0;0;0;0;0;0;0;0
____Aminicenantes;0;0;0;0;0;0;0;0;0;0;0;0;0;0;0;0;0;0;0;0;0,002053915;0
_7B-8_Sphingomonadales_Alphaproteobacteria_Proteobacteria;0;0;0;0;0;0;0;0;0;0;0;0;0;0;0;0;0;0;0;0;0;0
Tenacibaculum_Flavobacteriaceae_Flavobacteriales_Flavobacteriia_Bacteroidetes;0;0;0;0;0;0;0;0;0;0;0;0;0;0;0;0;0;0;0;0;0;0
Thalassobius_Rhodobacteraceae_Rhodobacterales_Alphaproteobacteria_Proteobacteria;0;0;0;0;0;0;0;0;0;0;0;0;0;0;0;0;0;0;0;0;0;0
Nitrosococcus_Chromatiaceae_Chromatiales_Gammaproteobacteria_Proteobacteria;0;0;0,003009238;0;0;0;0;0;0;0;0;0;0;0;0;0;0;0;0;0;0;0
Thiothrix_Thiotrichaceae_Thiotrichales_Gammaproteobacteria_Proteobacteria;0;0;0;0;0;0;0;0;0;0;0;0;0;0;0;0;0;0;0;0;0;0
__Sphingomonadales_Alphaproteobacteria_Proteobacteria;0;0;0;0;0;0;0;0;0;0;0;0;0;0;0;0;0;0;0;0;0;0
_ORCA-3N101_Sphingomonadales_Alphaproteobacteria_Proteobacteria;0;0;0;0;0;0;0;0;0;0;0;0;0;0;0;0;0;0;0;0;0;0
Sedimentitalea_Rhodobacteraceae_Rhodobacterales_Alphaproteobacteria_Proteobacteria;0;0;0;0;0;0;0;0;0;0;0;0;0;0;0;0;0;0;0;0,006228448;0;0
_Pseudomonadaceae_Pseudomonadales_Gammaproteobacteria_Proteobacteria;0;0;0;0;0;0;0;0;0;0;0;0;0;0;0;0;0;0;0;0;0;0
Flexithrix_Flammeovirgaceae_Cytophagales_Cytophagia_Bacteroidetes;0;0;0;0;0;0;0;0;0;0;0;0;0;0;0;0;0;0;0;0;0;0
__Subgroup-6_Acidobacteria_Acidobacteria;0;0;0;0;0;0;0;0;0;0;0;0;0;0;0;0;0;0;0;0;0;0
Phycicola_Microbacteriaceae_Micrococcales_Actinobacteria_Actinobacteria;0;0;0;0;0;0;0;0;0;0;0;0;0;0;0;0;0;0;0;0;0,004107831;0
Advenella_Alcaligenaceae_Burkholderiales_Betaproteobacteria_Proteobacteria;0;0;0;0;0;0;0;0;0;0;0;0;0;0;0;0,001365085;0;0;0;0;0;0
___Chloroplast_Cyanobacteria;0;0;0;0;0;0;0;0;0;0;0;0;0;0;0;0;0;0;0;0;0;0
Acidocella_Acetobacteraceae_Rhodospirillales_Alphaproteobacteria_Proteobacteria;0;0;0;0;0;0;0;0;0;0;0;0;0;0;0;0;0;0;0;0;0;0
Leucothrix_Thiotrichaceae_Thiotrichales_Gammaproteobacteria_Proteobacteria;0;0;0;0;0;0;0;0;0;0;0;0;0;0;0;0;0;0;0;0;0;0
_Aurantimonadaceae_Rhizobiales_Alphaproteobacteria_Proteobacteria;0;0;0;0;0;0;0;0;0;0;0;0;0;0;0;0;0;0;0;0;0;0
Oceanobacterium_Rhodobacteraceae_Rhodobacterales_Alphaproteobacteria_Proteobacteria;0;0;0;0;0;0;0;0;0;0;0;0;0;0;0;0;0;0;0;0;0;0
Ramlibacter_Comamonadaceae_Burkholderiales_Betaproteobacteria_Proteobacteria;0;0,001855322;0;0;0;0;0;0;0;0;0;0;0;0;0;0;0;0;0,000917764;0;0;0
Herbaspirillum_Oxalobacteraceae_Burkholderiales_Betaproteobacteria_Proteobacteria;0;0;0;0;0;0;0;0;0;0;0;0;0;0;0;0;0;0;0;0;0;0
Kiloniella_Sphingomonadales-Incertae-Sedis_Sphingomonadales_Alphaproteobacteria_Proteobacteria;0;0;0;0;0;0;0;0;0;0;0;0;0;0;0;0;0;0;0;0;0;0
uncultured_Neisseriaceae_Neisseriales_Betaproteobacteria_Proteobacteria;0;0;0;0;0;0;0;0;0;0;0;0;0;0;0;0;0;0;0;0;0;0
Luteibacter_Xanthomonadaceae_Xanthomonadales_Gammaproteobacteria_Proteobacteria;0;0,001855322;0;0;0;0;0;0;0;0;0;0;0;0;0;0;0;0;0;0;0;0
Rubrivivax_Comamonadaceae_Burkholderiales_Betaproteobacteria_Proteobacteria;0;0;0;0;0;0;0;0;0;0;0;0;0;0;0;0;0;0;0;0;0;0
__GR-WP33-30_Deltaproteobacteria_Proteobacteria;0;0;0;0;0;0,002927101;0;0;0;0;0;0;0;0;0;0;0;0;0;0;0;0
Thermomonas_Xanthomonadaceae_Xanthomonadales_Gammaproteobacteria_Proteobacteria;0;0;0;0;0;0;0;0;0;0;0;0;0;0;0;0;0;0;0;0;0;0
Luteimonas_Xanthomonadaceae_Xanthomonadales_Gammaproteobacteria_Proteobacteria;0;0;0;0;0;0;0;0;0;0;0;0;0;0;0;0;0;0;0;0;0;0
Roseobacter-clade-NAC11-7-lineage_Rhodobacteraceae_Rhodobacterales_Alphaproteobacteria_Proteobacteria;0;0;0;0;0;0;0,001466663;0;0;0;0;0;0;0;0;0;0;0;0;0;0;0
Portibacter_Saprospiraceae_Sphingobacteriales_Sphingobacteriia_Bacteroidetes;0;0;0;0;0;0;0;0;0;0;0;0;0;0;0;0;0;0;0;0;0;0
Staphylococcus_Staphylococcaceae_Bacillales_Bacilli_Firmicutes;0;0;0;0;0;0;0;0;0;0;0;0;0;0;0;0;0;0;0;0;0;0
NS3a-marine-group_Flavobacteriaceae_Flavobacteriales_Flavobacteriia_Bacteroidetes;0;0;0;0;0;0;0;0;0;0;0;0;0;0;0;0;0;0;0;0;0;0
__C0119_Ktedonobacteria_Chloroflexi;0;0;0;0;0;0;0;0;0;0;0;0;0;0;0;0;0;0;0;0;0;0
Puniceibacterium_Rhodobacteraceae_Rhodobacterales_Alphaproteobacteria_Proteobacteria;0;0;0;0;0,002164502;0,002927101;0;0;0;0;0;0;0;0;0;0;0;0;0;0;0;0
__Rhodospirillales_Alphaproteobacteria_Proteobacteria;0;0;0;0;0;0,002927101;0;0;0;0;0;0;0;0;0;0;0;0;0;0;0;0
Chelativorans_Phyllobacteriaceae_Rhizobiales_Alphaproteobacteria_Proteobacteria;0;0;0;0;0;0;0,003666657;0;0;0;0;0;0;0;0;0;0;0;0;0;0;0
uncultured_Verrucomicrobiaceae_Verrucomicrobiales_Verrucomicrobiae_Verrucomicrobia;0;0;0;0;0;0;0;0;0;0;0;0;0;0;0;0;0;0;0;0;0;0
_Moraxellaceae_Pseudomonadales_Gammaproteobacteria_Proteobacteria;0;0;0;0;0;0;0;0;0;0;0;0;0;0;0;0;0;0;0;0;0;0
Pseudophaeobacter_Rhodobacteraceae_Rhodobacterales_Alphaproteobacteria_Proteobacteria;0;0;0;0;0;0;0;0;0;0;0;0;0;0;0;0;0;0;0;0;0;0
Rikenellaceae-RC9-gut-group_Rikenellaceae_Bacteroidales_Bacteroidia_Bacteroidetes;0;0;0;0,002152297;0;0;0;0;0;0;0;0,001820913;0;0;0;0;0;0;0;0;0;0
Tropicibacter_Rhodobacteraceae_Rhodobacterales_Alphaproteobacteria_Proteobacteria;0;0;0;0;0;0;0;0;0;0;0;0,00273137;0;0;0;0;0;0;0;0;0;0
Methyloceanibacter_Rhodobiaceae_Rhizobiales_Alphaproteobacteria_Proteobacteria;0;0;0;0;0;0;0;0;0;0;0;0;0;0;0,003109985;0;0;0;0;0;0;0
Porphyrobacter_Erythrobacteraceae_Sphingomonadales_Alphaproteobacteria_Proteobacteria;0;0;0;0;0;0;0;0;0;0;0;0;0;0;0;0;0;0;0;0;0;0
uncultured_Oxalobacteraceae_Burkholderiales_Betaproteobacteria_Proteobacteria;0;0;0;0;0;0;0;0;0;0;0;0;0;0;0;0;0;0;0;0;0;0
__SAR324-clade(Marine-group-B)_Deltaproteobacteria_Proteobacteria;0;0;0,002006159;0;0;0;0;0,003021399;0;0;0;0;0;0;0;0;0;0;0;0;0;0
_480-2_Solirubrobacterales_Thermoleophilia_Actinobacteria;0;0;0;0;0;0;0;0;0;0;0;0;0;0;0;0;0;0;0;0;0;0
Actibacterium_Rhodobacteraceae_Rhodobacterales_Alphaproteobacteria_Proteobacteria;0;0;0;0;0;0;0;0;0;0;0;0;0;0;0;0;0;0;0;0;0;0
Spongiibacter_Spongiibacteraceae_Cellvibrionales_Gammaproteobacteria_Proteobacteria;0;0;0;0;0;0;0;0;0;0;0;0;0;0;0;0;0;0;0;0;0;0
uncultured_Holophagaceae_Holophagales_Holophagae_Acidobacteria;0;0;0;0;0;0;0;0;0;0;0;0;0;0;0;0;0;0;0;0;0;0
uncultured_Planctomycetaceae_Planctomycetales_Planctomycetacia_Planctomycetes;0;0;0;0;0;0;0;0;0;0;0;0;0;0;0;0;0;0;0;0;0;0
Jannaschia_Rhodobacteraceae_Rhodobacterales_Alphaproteobacteria_Proteobacteria;0;0;0;0;0;0;0;0;0;0;0;0;0;0;0;0;0;0;0;0;0;0
___028H05-P-BN-P5_Planctomycetes;0;0;0;0;0;0;0;0;0;0;0;0;0;0;0;0;0;0;0;0;0;0
Alcanivorax_Alcanivoracaceae_Oceanospirillales_Gammaproteobacteria_Proteobacteria;0;0;0;0;0;0;0;0;0;0;0;0;0;0;0;0;0;0;0;0;0;0
Vitellibacter_Flavobacteriaceae_Flavobacteriales_Flavobacteriia_Bacteroidetes;0;0;0;0;0;0;0;0,0015107;0;0;0,00152553;0;0;0;0;0;0;0;0;0;0;0
Jahnella_Polyangiaceae_Myxococcales_Deltaproteobacteria_Proteobacteria;0,002988137;0;0,002006159;0;0;0;0;0;0;0;0;0;0;0;0;0;0;0;0;0;0;0
Aquicella_Coxiellaceae_Legionellales_Gammaproteobacteria_Proteobacteria;0;0;0;0;0;0;0;0;0;0;0;0;0;0;0;0;0;0;0;0;0;0
Pleomorphomonas_Methylocystaceae_Rhizobiales_Alphaproteobacteria_Proteobacteria;0;0;0;0;0;0;0;0;0;0;0;0;0;0;0;0;0;0;0;0;0;0
Roseobacter_Rhodobacteraceae_Rhodobacterales_Alphaproteobacteria_Proteobacteria;0,007968366;0;0,002006159;0;0;0;0;0;0;0;0;0;0;0;0;0;0;0;0;0;0;0
_WW2-159_Sphingomonadales_Alphaproteobacteria_Proteobacteria;0;0;0;0;0;0;0;0;0;0;0;0;0,010998922;0;0;0;0;0;0;0;0;0
Thiogranum_Ectothiorhodospiraceae_Chromatiales_Gammaproteobacteria_Proteobacteria;0;0;0;0;0;0;0;0;0;0;0;0;0;0;0;0;0;0;0,002294409;0;0;0
Clostridium-sensu-stricto-13_Clostridiaceae-1_Clostridiales_Clostridia_Firmicutes;0,001992091;0;0;0;0,002164502;0;0;0;0;0;0;0;0;0,00191459;0;0;0;0;0;0,00226489;0;0,001380091
Cloacibacterium_Flavobacteriaceae_Flavobacteriales_Flavobacteriia_Bacteroidetes;0;0;0;0;0;0;0;0;0;0;0;0;0;0;0;0;0;0;0;0;0;0
_uncultured_Sphingomonadales_Alphaproteobacteria_Proteobacteria;0;0;0;0;0;0;0;0;0;0;0;0;0;0;0;0;0;0;0;0;0;0
Lutibacter_Flavobacteriaceae_Flavobacteriales_Flavobacteriia_Bacteroidetes;0;0;0;0,003228445;0;0;0;0;0;0;0;0;0;0;0,002332488;0;0;0,005039307;0;0;0;0
_DA111_Rhodospirillales_Alphaproteobacteria_Proteobacteria;0;0;0;0;0;0;0;0,004532099;0;0;0;0;0;0;0;0;0;0;0;0;0;0
Anderseniella_Rhodobiaceae_Rhizobiales_Alphaproteobacteria_Proteobacteria;0;0;0;0;0,004329004;0;0;0;0;0;0;0,00273137;0;0;0;0;0;0;0;0;0;0,001380091
__PeM15_Actinobacteria_Actinobacteria;0;0;0;0;0;0;0;0;0;0;0;0;0;0;0;0;0;0;0,001376646;0;0;0
Luteibaculum_Cryomorphaceae_Flavobacteriales_Flavobacteriia_Bacteroidetes;0;0;0;0;0;0;0;0;0;0;0;0;0;0;0;0;0;0;0;0;0;0
__Sh765B-TzT-29_Deltaproteobacteria_Proteobacteria;0;0,001855322;0;0,004304593;0;0;0,001466663;0;0;0;0;0,003641826;0;0;0;0;0;0;0;0;0;0
Thalassolituus_Oceanospirillaceae_Oceanospirillales_Gammaproteobacteria_Proteobacteria;0;0;0;0;0;0;0;0;0;0;0;0;0;0;0;0;0;0;0;0,001698668;0;0
_OM182-clade_Oceanospirillales_Gammaproteobacteria_Proteobacteria;0;0;0;0;0;0;0;0;0;0;0;0;0;0;0;0;0;0;0;0;0;0
Shimia_Rhodobacteraceae_Rhodobacterales_Alphaproteobacteria_Proteobacteria;0;0;0;0;0;0;0;0;0;0;0;0;0;0;0;0;0;0;0;0;0;0
uncultured_Vibrionaceae_Vibrionales_Gammaproteobacteria_Proteobacteria;0;0;0;0;0;0;0;0;0;0;0;0;0;0;0;0;0;0;0;0;0;0
uncultured_Corynebacteriaceae_Corynebacteriales_Actinobacteria_Actinobacteria;0;0;0;0;0;0;0;0;0;0;0;0;0;0;0;0;0;0;0;0;0;0
uncultured_Rhodocyclaceae_Rhodocyclales_Betaproteobacteria_Proteobacteria;0;0;0;0;0;0;0;0;0;0;0;0;0;0;0;0;0;0;0;0;0;0
uncultured_Dermatophilaceae_Micrococcales_Actinobacteria_Actinobacteria;0;0;0;0;0;0;0;0;0;0;0;0;0,002199784;0;0;0;0;0;0;0;0;0
Bacteriovorax_Bacteriovoracaceae_Bdellovibrionales_Deltaproteobacteria_Proteobacteria;0;0;0;0;0;0;0;0;0;0;0;0;0;0;0;0;0;0;0;0;0;0
_uncultured_Acidimicrobiales_Acidimicrobiia_Actinobacteria;0;0;0;0;0;0;0;0;0;0;0;0;0;0;0;0;0;0;0;0;0;0
_AT-s3-44_Rhodospirillales_Alphaproteobacteria_Proteobacteria;0;0;0;0;0;0;0;0;0;0;0;0;0;0;0;0;0;0;0;0;0;0
Pusillimonas_Alcaligenaceae_Burkholderiales_Betaproteobacteria_Proteobacteria;0;0;0;0;0;0;0;0;0;0;0;0;0;0,018188606;0;0;0;0;0;0;0;0
___JG30-KF-CM66_Chloroflexi;0;0;0;0;0;0;0;0;0;0;0;0;0;0;0;0;0;0;0;0;0;0
Endozoicomonas_Hahellaceae_Oceanospirillales_Gammaproteobacteria_Proteobacteria;0;0;0;0;0;0;0;0;0;0;0;0;0;0;0;0;0;0;0;0;0;0
Streptococcus_Streptococcaceae_Lactobacillales_Bacilli_Firmicutes;0;0;0;0,002152297;0;0,002927101;0;0;0;0;0;0;0;0;0;0;0;0;0;0;0;0
_Sphingomonadaceae_Sphingomonadales_Alphaproteobacteria_Proteobacteria;0;0;0;0;0;0;0;0;0;0;0;0;0;0;0;0;0;0;0;0;0;0
uncultured_Flavobacteriaceae_Flavobacteriales_Flavobacteriia_Bacteroidetes;0,001992091;0;0;0;0;0;0;0;0;0;0;0;0;0;0;0;0;0;0;0;0;0
Colwellia_Colwelliaceae_Alteromonadales_Gammaproteobacteria_Proteobacteria;0;0;0,006018477;0;0;0;0;0;0;0;0;0;0;0;0;0;0;0;0;0;0;0
__Apr-15_Bacilli_Firmicutes;0;0;0;0;0;0;0;0;0;0;0;0;0;0;0;0;0;0;0;0;0;0
Dichotomicrobium_Hyphomicrobiaceae_Rhizobiales_Alphaproteobacteria_Proteobacteria;0;0,001855322;0;0;0;0;0;0;0;0;0,00152553;0;0;0;0;0;0;0,003023584;0,000917764;0;0;0
Rubellimicrobium_Rhodobacteraceae_Rhodobacterales_Alphaproteobacteria_Proteobacteria;0;0;0;0;0;0;0;0;0;0;0;0;0;0;0;0;0;0;0;0;0;0
Azospira_Rhodocyclaceae_Rhodocyclales_Betaproteobacteria_Proteobacteria;0,002988137;0;0;0;0,004329004;0;0;0;0;0;0;0;0;0;0;0;0;0;0;0;0;0
Frankia_Frankiaceae_Frankiales_Actinobacteria_Actinobacteria;0;0;0;0;0;0;0;0;0;0;0;0;0;0;0;0;0;0;0;0;0;0
Rhodopseudomonas_Bradyrhizobiaceae_Rhizobiales_Alphaproteobacteria_Proteobacteria;0;0;0;0;0;0;0;0;0;0;0;0;0;0;0;0;0;0;0;0;0;0
__E6aD10_Alphaproteobacteria_Proteobacteria;0;0;0;0;0;0;0;0;0,001770303;0;0;0;0;0;0;0;0;0;0;0;0;0
uncultured_Microbacteriaceae_Micrococcales_Actinobacteria_Actinobacteria;0;0;0;0;0;0;0;0;0;0;0;0;0;0;0;0;0;0;0;0;0;0
Ferriphaselus_Gallionellaceae_Nitrosomonadales_Betaproteobacteria_Proteobacteria;0;0;0;0;0;0;0,001466663;0;0;0;0;0;0;0;0;0;0;0;0;0;0;0
Microvirga_Methylobacteriaceae_Rhizobiales_Alphaproteobacteria_Proteobacteria;0;0,001855322;0,002006159;0;0;0;0;0,002266049;0,001770303;0;0;0;0;0;0;0,00273017;0;0;0,003212173;0;0;0
Frondihabitans_Microbacteriaceae_Micrococcales_Actinobacteria_Actinobacteria;0;0;0;0,004304593;0;0;0;0,0015107;0;0;0,003813824;0;0;0;0;0,001365085;0,006383997;0;0;0;0;0
Methylovirgula_Beijerinckiaceae_Rhizobiales_Alphaproteobacteria_Proteobacteria;0;0;0;0;0;0;0,002933326;0;0;0;0;0;0;0;0;0;0;0;0;0;0;0
_MND8_Rhodospirillales_Alphaproteobacteria_Proteobacteria;0;0,002782983;0,002006159;0;0;0;0;0;0,001770303;0,001827151;0,003813824;0;0;0;0;0;0;0;0;0;0;0
Aurantimonas_Aurantimonadaceae_Rhizobiales_Alphaproteobacteria_Proteobacteria;0;0;0;0;0;0;0;0,003021399;0;0;0;0;0,002199784;0;0;0;0;0;0;0;0;0
Streptomyces_Streptomycetaceae_Streptomycetales_Actinobacteria_Actinobacteria;0,004980228;0;0;0;0;0,002927101;0;0;0;0;0;0;0,005499461;0;0;0;0,002127999;0;0;0;0,003080873;0
Labrenzia_Rhodobacteraceae_Rhodobacterales_Alphaproteobacteria_Proteobacteria;0;0;0;0;0;0;0;0;0;0;0;0;0;0;0;0;0;0;0;0;0;0
Vibrio_Vibrionaceae_Vibrionales_Gammaproteobacteria_Proteobacteria;0;0;0;0;0;0;0;0;0;0;0;0;0;0;0;0;0;0;0;0;0;0
Magnetospira_Rhodospirillaceae_Rhodospirillales_Alphaproteobacteria_Proteobacteria;0,001992091;0;0;0;0;0,005854201;0;0;0;0,001827151;0,002288295;0;0;0;0;0,001365085;0;0;0;0;0;0
Rhodoglobus_Microbacteriaceae_Micrococcales_Actinobacteria_Actinobacteria;0;0;0;0;0;0;0,001466663;0;0;0;0;0,001820913;0;0;0;0;0;0;0;0;0;0
_TM146_Solirubrobacterales_Thermoleophilia_Actinobacteria;0;0;0;0;0;0;0;0;0;0;0;0;0;0;0;0;0;0;0;0;0;0
uncultured_Nitrosomonadaceae_Nitrosomonadales_Betaproteobacteria_Proteobacteria;0;0;0;0;0;0;0;0;0;0;0;0;0;0;0;0;0;0;0;0;0;0
Xylophilus_Comamonadaceae_Burkholderiales_Betaproteobacteria_Proteobacteria;0;0;0;0;0;0;0;0,0015107;0;0;0;0;0;0;0;0;0;0;0;0;0;0
Herminiimonas_Oxalobacteraceae_Burkholderiales_Betaproteobacteria_Proteobacteria;0;0;0;0;0;0;0;0;0;0;0;0;0;0;0;0;0;0;0;0;0;0,001380091
Cohaesibacter_Phyllobacteriaceae_Rhizobiales_Alphaproteobacteria_Proteobacteria;0;0;0;0;0;0;0;0,0015107;0;0,001827151;0,003813824;0;0;0;0;0;0;0;0;0;0;0
_Xanthobacteraceae_Rhizobiales_Alphaproteobacteria_Proteobacteria;0;0;0;0;0;0;0;0;0,003540606;0;0;0;0;0;0;0;0;0,002015723;0,004588819;0;0;0
Leucobacter_Microbacteriaceae_Micrococcales_Actinobacteria_Actinobacteria;0;0;0;0;0;0;0;0,0015107;0;0;0;0;0;0;0;0;0;0;0;0;0;0
Klebsiella_Enterobacteriaceae_Enterobacteriales_Gammaproteobacteria_Proteobacteria;0,003984183;0,001855322;0,004012318;0,002152297;0,003246753;0;0;0,003776749;0;0,001827151;0,002288295;0;0;0;0;0;0;0;0;0;0;0
uncultured_Cyclobacteriaceae_Cytophagales_Cytophagia_Bacteroidetes;0;0;0;0;0;0;0;0;0;0;0;0;0;0;0;0,002047628;0;0;0;0;0;0
Afipia_Bradyrhizobiaceae_Rhizobiales_Alphaproteobacteria_Proteobacteria;0;0;0;0;0;0;0;0;0;0;0;0;0;0;0;0;0;0;0;0;0;0
Tropicimonas_Rhodobacteraceae_Rhodobacterales_Alphaproteobacteria_Proteobacteria;0;0;0;0;0;0;0;0;0;0;0;0;0;0;0;0;0;0;0;0;0;0
_NS9-marine-group_Flavobacteriales_Flavobacteriia_Bacteroidetes;0;0;0;0;0;0;0;0;0;0;0;0;0;0;0;0;0;0;0;0;0;0
___TA18_Proteobacteria;0;0;0;0,002152297;0;0;0;0,003021399;0;0;0;0;0;0;0;0;0,002127999;0;0;0;0;0
Enterobacter_Enterobacteriaceae_Enterobacteriales_Gammaproteobacteria_Proteobacteria;0;0,001855322;0;0;0;0;0;0;0;0;0;0;0;0;0;0;0;0;0;0;0;0
uncultured_Methylophilaceae_Methylophilales_Betaproteobacteria_Proteobacteria;0;0;0;0;0;0;0;0;0;0;0;0;0;0;0;0;0;0;0;0;0;0
Xanthobacter_Xanthobacteraceae_Rhizobiales_Alphaproteobacteria_Proteobacteria;0;0;0;0;0;0;0;0;0;0;0;0;0;0;0;0;0;0;0;0;0;0
Stenotrophomonas_Xanthomonadaceae_Xanthomonadales_Gammaproteobacteria_Proteobacteria;0;0;0;0;0;0;0;0;0;0;0;0;0;0;0;0;0;0;0;0;0;0
Pelagibacterium_Hyphomicrobiaceae_Rhizobiales_Alphaproteobacteria_Proteobacteria;0;0;0;0;0;0;0;0;0;0;0;0;0;0,002871885;0;0;0;0;0;0;0;0
Smithella_Syntrophaceae_Syntrophobacterales_Deltaproteobacteria_Proteobacteria;0;0;0;0;0;0;0;0;0;0;0;0;0;0;0;0;0;0;0;0;0;0
Parasphingopyxis_Sphingomonadaceae_Sphingomonadales_Alphaproteobacteria_Proteobacteria;0;0;0;0;0;0;0;0;0,002655455;0;0;0;0;0;0;0;0;0;0;0;0;0
Maritalea_Hyphomicrobiaceae_Rhizobiales_Alphaproteobacteria_Proteobacteria;0;0,001855322;0;0;0;0;0;0;0;0;0;0;0;0;0;0;0;0;0;0;0;0
OM27-clade_Bdellovibrionaceae_Bdellovibrionales_Deltaproteobacteria_Proteobacteria;0,002988137;0,002782983;0,002006159;0;0;0;0;0;0;0;0;0;0;0;0;0,00273017;0;0;0;0;0;0
__OCS116-clade_Alphaproteobacteria_Proteobacteria;0,002988137;0;0;0;0;0;0,002933326;0;0;0;0;0,001820913;0,003299677;0;0,002332488;0;0;0;0;0;0;0
Roseivivax_Rhodobacteraceae_Rhodobacterales_Alphaproteobacteria_Proteobacteria;0;0;0;0;0;0;0;0;0;0;0;0;0;0;0;0;0;0;0;0;0;0
Nesiotobacter_Rhodobacteraceae_Rhodobacterales_Alphaproteobacteria_Proteobacteria;0;0;0;0;0;0;0;0,004532099;0;0,001827151;0;0,00273137;0,003299677;0;0;0;0;0;0;0;0;0
Thiobacillus_Hydrogenophilaceae_Hydrogenophilales_Betaproteobacteria_Proteobacteria;0;0;0;0,004304593;0;0;0;0;0;0;0;0;0;0,00191459;0;0;0;0;0,002294409;0;0,002053915;0
Skermanella_Rhodospirillaceae_Rhodospirillales_Alphaproteobacteria_Proteobacteria;0;0;0;0;0;0;0;0;0;0;0;0;0;0;0;0;0;0;0;0;0;0
Dokdonia_Flavobacteriaceae_Flavobacteriales_Flavobacteriia_Bacteroidetes;0;0;0,004012318;0;0;0;0;0,002266049;0;0,001827151;0;0;0,005499461;0;0,003109985;0,004777798;0;0;0,001835528;0;0,002053915;0,001380091
___Elev-16S-509_Proteobacteria;0,001992091;0,002782983;0;0;0;0;0,001466663;0;0;0;0;0,003641826;0;0;0;0;0;0;0;0;0;0
Roseicyclus_Rhodobacteraceae_Rhodobacterales_Alphaproteobacteria_Proteobacteria;0;0;0;0;0;0;0;0;0;0;0;0;0;0;0;0;0;0;0;0;0;0
uncultured_Bradyrhizobiaceae_Rhizobiales_Alphaproteobacteria_Proteobacteria;0;0;0;0;0;0;0;0;0;0;0;0;0;0;0;0;0;0;0,000917764;0;0;0
Tateyamaria_Rhodobacteraceae_Rhodobacterales_Alphaproteobacteria_Proteobacteria;0;0;0;0;0;0;0;0;0;0;0;0;0;0;0;0;0;0;0;0,001132445;0;0
Thioclava_Rhodobacteraceae_Rhodobacterales_Alphaproteobacteria_Proteobacteria;0;0;0;0,003228445;0;0;0;0;0;0;0,00152553;0,00273137;0;0;0;0;0;0;0;0,001132445;0;0
Kaistia_Rhizobiaceae_Rhizobiales_Alphaproteobacteria_Proteobacteria;0;0;0;0;0;0;0;0;0;0;0;0,006373196;0;0;0;0;0;0;0;0;0;0
Paucimonas_Oxalobacteraceae_Burkholderiales_Betaproteobacteria_Proteobacteria;0;0,001855322;0;0;0;0;0,002933326;0;0;0;0;0;0;0;0;0;0;0;0;0;0;0
Yangia_Rhodobacteraceae_Rhodobacterales_Alphaproteobacteria_Proteobacteria;0;0;0,002006159;0;0;0;0;0,006042798;0;0;0;0;0;0;0;0;0;0;0;0;0;0
Neptunomonas_Oceanospirillaceae_Oceanospirillales_Gammaproteobacteria_Proteobacteria;0;0;0;0;0;0;0;0;0;0;0;0;0;0;0;0;0;0;0;0;0;0
Alteromonas_Alteromonadaceae_Alteromonadales_Gammaproteobacteria_Proteobacteria;0,001992091;0,001855322;0;0;0;0;0;0;0;0;0,002288295;0;0;0;0;0;0;0;0;0;0;0
uncultured_Phycisphaeraceae_Phycisphaerales_Phycisphaerae_Planctomycetes;0;0;0;0;0,002164502;0;0;0;0;0;0;0;0;0;0;0;0;0;0;0;0;0
CB31G03_Microbacteriaceae_Micrococcales_Actinobacteria_Actinobacteria;0;0;0;0;0;0;0;0;0;0;0;0;0;0;0;0;0;0;0;0;0;0
Sandaracinus_Sandaracinaceae_Myxococcales_Deltaproteobacteria_Proteobacteria;0;0;0;0;0;0;0;0;0;0;0;0;0;0;0;0;0;0;0;0;0;0
BD1-7-clade_Spongiibacteraceae_Cellvibrionales_Gammaproteobacteria_Proteobacteria;0;0,001855322;0;0;0;0;0;0;0;0;0;0;0;0;0;0;0;0;0;0;0;0
uncultured_Aurantimonadaceae_Rhizobiales_Alphaproteobacteria_Proteobacteria;0;0;0;0;0;0;0;0;0;0;0;0;0;0;0;0,001365085;0;0;0;0;0;0
uncultured_Saprospiraceae_Sphingobacteriales_Sphingobacteriia_Bacteroidetes;0;0;0;0;0;0;0;0,002266049;0;0;0;0;0;0;0;0;0;0;0;0;0;0
uncultured_Oceanospirillaceae_Oceanospirillales_Gammaproteobacteria_Proteobacteria;0;0;0;0;0;0;0;0;0;0;0;0;0;0;0;0;0;0;0;0;0;0
Jhaorihella_Rhodobacteraceae_Rhodobacterales_Alphaproteobacteria_Proteobacteria;0;0;0;0;0;0;0;0;0;0;0;0;0;0;0;0;0;0;0;0;0;0
Rhodoplanes_Hyphomicrobiaceae_Rhizobiales_Alphaproteobacteria_Proteobacteria;0;0;0,005015397;0;0;0;0;0;0;0;0,003813824;0,003641826;0,006599353;0;0;0;0;0;0;0;0;0,004140272
Bacillus_Bacillaceae_Bacillales_Bacilli_Firmicutes;0;0,003710644;0;0,002152297;0;0,004390651;0;0;0;0;0;0;0,002199784;0;0;0;0,003191999;0;0;0,001132445;0;0
Noviherbaspirillum_Oxalobacteraceae_Burkholderiales_Betaproteobacteria_Proteobacteria;0,002988137;0,005565966;0;0;0;0;0;0,0015107;0;0;0;0,001820913;0,002199784;0;0;0;0,003191999;0;0;0;0;0
Phaeobacter_Rhodobacteraceae_Rhodobacterales_Alphaproteobacteria_Proteobacteria;0;0;0;0,005380741;0;0;0;0,0015107;0;0;0;0;0;0;0;0;0;0;0,000917764;0;0;0
Filomicrobium_Hyphomicrobiaceae_Rhizobiales_Alphaproteobacteria_Proteobacteria;0,007968366;0;0;0,003228445;0;0;0,001466663;0,0015107;0,001770303;0;0;0;0;0;0;0;0;0;0,002294409;0;0;0
Pseudaminobacter_Phyllobacteriaceae_Rhizobiales_Alphaproteobacteria_Proteobacteria;0;0;0;0;0;0;0;0;0;0;0;0;0;0;0;0;0;0;0;0;0;0
Thauera_Rhodocyclaceae_Rhodocyclales_Betaproteobacteria_Proteobacteria;0;0;0;0;0;0;0;0;0;0;0;0;0;0;0;0;0;0;0;0;0;0
Exiguobacterium_Family-XII_Bacillales_Bacilli_Firmicutes;0;0;0;0,002152297;0,004329004;0,004390651;0,004399988;0;0;0;0;0;0;0;0;0;0,002127999;0;0,000917764;0;0;0
_WCHB1-69_Sphingobacteriales_Sphingobacteriia_Bacteroidetes;0,00697232;0,005565966;0;0,003228445;0,003246753;0;0,001466663;0,004532099;0;0;0,003051059;0,003641826;0;0;0,005442473;0;0,003191999;0;0,004129937;0,00452978;0;0,003450227
_alphaI-cluster_Rhizobiales_Alphaproteobacteria_Proteobacteria;0;0;0;0;0,003246753;0;0,001466663;0;0,001770303;0;0,00152553;0;0;0;0;0;0;0;0,001835528;0;0;0
uncultured_Sphingomonadaceae_Sphingomonadales_Alphaproteobacteria_Proteobacteria;0;0;0;0;0;0;0;0;0;0;0;0,001820913;0;0;0;0;0;0;0;0;0;0
__oca12_Betaproteobacteria_Proteobacteria;0,003984183;0;0,006018477;0;0;0;0;0,003776749;0;0;0,00152553;0;0;0;0;0;0;0;0;0;0;0
Aliihoeflea_Phyllobacteriaceae_Rhizobiales_Alphaproteobacteria_Proteobacteria;0;0;0;0;0;0;0;0;0;0;0;0;0;0;0;0;0;0;0;0;0;0
Patulibacter_Patulibacteraceae_Solirubrobacterales_Thermoleophilia_Actinobacteria;0;0;0;0;0;0;0;0;0;0;0;0;0;0;0;0;0;0;0;0;0;0
Palleronia_Rhodobacteraceae_Rhodobacterales_Alphaproteobacteria_Proteobacteria;0;0;0;0;0;0;0;0,003776749;0;0;0;0;0;0;0;0;0;0;0;0;0;0
Christensenellaceae-R-7-group_Christensenellaceae_Clostridiales_Clostridia_Firmicutes;0;0;0;0;0;0;0;0;0;0;0,002288295;0;0;0;0;0;0;0;0;0;0;0
Roseovarius_Rhodobacteraceae_Rhodobacterales_Alphaproteobacteria_Proteobacteria;0;0;0,003009238;0,002152297;0;0,007317751;0;0;0;0;0;0;0;0;0;0;0;0;0;0;0,002053915;0
_ctg-CGOF202_Sphingomonadales_Alphaproteobacteria_Proteobacteria;0;0;0;0;0;0;0;0;0;0;0;0;0;0;0;0;0;0;0;0;0;0
Candidatus-Aquiluna_Microbacteriaceae_Micrococcales_Actinobacteria_Actinobacteria;0;0;0,004012318;0;0;0;0;0;0;0;0;0;0;0;0;0;0;0;0;0;0;0
_Blfdi19_Myxococcales_Deltaproteobacteria_Proteobacteria;0,001992091;0;0;0,002152297;0;0;0,001466663;0,0015107;0,001770303;0;0;0,001820913;0;0;0;0;0;0;0;0;0;0
Youngimonas_Rhodobacteraceae_Rhodobacterales_Alphaproteobacteria_Proteobacteria;0,001992091;0;0;0;0;0;0;0;0;0;0,00152553;0;0;0;0;0;0;0;0;0;0;0
uncultured_Xanthomonadales-Incertae-Sedis_Xanthomonadales_Gammaproteobacteria_Proteobacteria;0;0;0;0;0;0;0;0;0;0;0;0;0;0;0;0;0;0;0;0;0;0
Halomonas_Halomonadaceae_Oceanospirillales_Gammaproteobacteria_Proteobacteria;0;0;0,003009238;0;0;0;0;0;0,001770303;0;0,006102119;0;0,004399569;0;0;0,003412713;0,002127999;0;0,000917764;0;0;0,001380091
Blastopirellula_Planctomycetaceae_Planctomycetales_Planctomycetacia_Planctomycetes;0;0;0;0;0;0;0;0;0;0;0;0;0;0;0,002332488;0;0;0;0;0;0;0
Aquimonas_Xanthomonadaceae_Xanthomonadales_Gammaproteobacteria_Proteobacteria;0;0;0;0;0;0;0;0,002266049;0;0;0;0;0;0;0;0;0;0;0;0;0;0
_Rhodobiaceae_Rhizobiales_Alphaproteobacteria_Proteobacteria;0;0,002782983;0;0,013989927;0;0;0;0;0;0;0;0;0;0;0;0,009555597;0,005319998;0;0;0;0;0
Williamsia_Nocardiaceae_Corynebacteriales_Actinobacteria_Actinobacteria;0;0;0;0;0;0;0;0;0;0;0;0;0;0;0;0;0;0;0;0;0;0
Jatrophihabitans_Frankiaceae_Frankiales_Actinobacteria_Actinobacteria;0;0;0;0;0;0;0,002199994;0;0;0;0;0;0;0;0;0;0;0;0;0;0;0
Marmoricola_Nocardioidaceae_Propionibacteriales_Actinobacteria_Actinobacteria;0;0;0;0;0;0;0;0;0;0;0;0;0;0;0;0;0;0;0;0;0;0
_JG34-KF-161_Sphingomonadales_Alphaproteobacteria_Proteobacteria;0;0;0;0;0;0;0;0;0;0;0;0;0;0;0;0;0;0;0;0;0;0
Crocinitomix_Cryomorphaceae_Flavobacteriales_Flavobacteriia_Bacteroidetes;0;0,003710644;0,003009238;0;0;0;0;0;0;0;0;0;0;0;0;0;0;0;0;0;0;0
Aeromicrobium_Nocardioidaceae_Propionibacteriales_Actinobacteria_Actinobacteria;0,001992091;0;0;0;0;0;0;0;0;0;0;0,001820913;0;0;0;0;0;0;0;0;0;0
Tabrizicola_Rhodobacteraceae_Rhodobacterales_Alphaproteobacteria_Proteobacteria;0;0;0;0;0,005411255;0;0;0;0;0;0;0;0;0;0;0;0;0;0;0;0;0
uncultured_Brucellaceae_Rhizobiales_Alphaproteobacteria_Proteobacteria;0;0;0;0;0;0;0;0;0;0;0;0;0;0;0;0;0;0;0;0;0;0
_BIgi5_Order-III_Cytophagia_Bacteroidetes;0;0,001855322;0;0;0;0;0;0,0015107;0;0;0,00152553;0;0,003299677;0;0;0;0;0;0;0;0;0
_Comamonadaceae_Burkholderiales_Betaproteobacteria_Proteobacteria;0;0;0;0;0,003246753;0;0;0;0;0;0;0;0;0,00191459;0,001554992;0;0;0;0,000917764;0;0;0,002070136
Stakelama_Sphingomonadaceae_Sphingomonadales_Alphaproteobacteria_Proteobacteria;0;0;0;0;0;0;0;0;0,002655455;0;0;0,001820913;0;0;0;0,001365085;0;0;0;0;0;0
Thiohalocapsa_Chromatiaceae_Chromatiales_Gammaproteobacteria_Proteobacteria;0;0;0;0;0;0;0;0;0;0;0;0;0,003299677;0;0;0;0,003191999;0;0;0;0;0
Ruegeria_Rhodobacteraceae_Rhodobacterales_Alphaproteobacteria_Proteobacteria;0,004980228;0;0,002006159;0,002152297;0;0;0;0;0;0;0;0;0;0;0;0;0;0;0;0;0;0
Ferruginibacter_Chitinophagaceae_Sphingobacteriales_Sphingobacteriia_Bacteroidetes;0;0;0;0;0;0;0;0;0;0;0;0;0;0;0;0;0;0;0;0;0;0
Balneola_Unknown-Family_Order-III_Cytophagia_Bacteroidetes;0,002988137;0,003710644;0;0,007533038;0,003246753;0;0;0,008308847;0;0,001827151;0;0;0;0;0;0;0;0;0;0;0;0
Ancylobacter_Xanthobacteraceae_Rhizobiales_Alphaproteobacteria_Proteobacteria;0;0,004638305;0,005015397;0,003228445;0,003246753;0;0,00513332;0,004532099;0,002655455;0,002740727;0,00152553;0,009104566;0,004399569;0,010530246;0,002332488;0,00273017;0;0;0;0;0;0,002070136
Pedomicrobium_Hyphomicrobiaceae_Rhizobiales_Alphaproteobacteria_Proteobacteria;0,010956503;0,002782983;0,012036953;0;0;0,011708402;0,00513332;0,003776749;0,001770303;0,003654303;0,00152553;0,00546274;0,004399569;0,010530246;0;0;0;0;0,003212173;0,001132445;0,02156611;0
Delftia_Comamonadaceae_Burkholderiales_Betaproteobacteria_Proteobacteria;0;0;0;0;0;0;0;0;0;0;0;0;0;0;0;0;0;0;0;0;0;0
_T9d_Rickettsiales_Alphaproteobacteria_Proteobacteria;0;0;0;0;0;0;0;0;0;0;0;0;0;0;0;0;0;0;0;0;0;0
Altererythrobacter_Erythrobacteraceae_Sphingomonadales_Alphaproteobacteria_Proteobacteria;0;0,001855322;0;0;0;0;0;0;0;0;0;0;0;0;0;0;0;0;0;0,001698668;0;0
Aestuariivita_Rhodobacteraceae_Rhodobacterales_Alphaproteobacteria_Proteobacteria;0,001992091;0,020408542;0,002006159;0,002152297;0,010822511;0,002927101;0,006599982;0;0;0,002740727;0,00152553;0;0,005499461;0;0,006219969;0,002047628;0;0;0;0;0;0
Pseudahrensia_Phyllobacteriaceae_Rhizobiales_Alphaproteobacteria_Proteobacteria;0;0;0,004012318;0;0,004329004;0;0;0;0;0;0;0;0;0;0;0;0;0;0;0;0;0
Amorphus_Caulobacteraceae_Caulobacterales_Alphaproteobacteria_Proteobacteria;0;0,006493627;0;0;0;0,002927101;0;0;0,002655455;0;0;0,001820913;0;0,002871885;0;0,008190511;0;0;0,016519748;0,001698668;0;0,007590499
Aureimonas_Aurantimonadaceae_Rhizobiales_Alphaproteobacteria_Proteobacteria;0;0;0;0;0;0;0;0;0;0;0;0;0;0;0;0;0;0;0;0;0;0
uncultured_Micromonosporaceae_Micromonosporales_Actinobacteria_Actinobacteria;0;0;0,004012318;0;0;0;0,001466663;0,0015107;0;0;0;0,001820913;0;0;0;0;0,003191999;0;0,002294409;0;0;0
Polaromonas_Comamonadaceae_Burkholderiales_Betaproteobacteria_Proteobacteria;0;0,002782983;0,002006159;0;0;0;0,002933326;0,003021399;0,007081213;0;0,00152553;0,008194109;0;0,00191459;0,002332488;0;0;0;0;0;0;0
Oceanospirillum_Oceanospirillaceae_Oceanospirillales_Gammaproteobacteria_Proteobacteria;0;0;0;0;0;0;0;0;0;0;0;0;0;0;0;0;0;0;0;0;0;0
Lewinella_Saprospiraceae_Sphingobacteriales_Sphingobacteriia_Bacteroidetes;0;0;0;0;0;0;0,001466663;0,015106995;0;0,001827151;0,00152553;0,00546274;0;0;0,001554992;0,00273017;0;0;0;0,00226489;0;0,001380091
Sufflavibacter_Flavobacteriaceae_Flavobacteriales_Flavobacteriia_Bacteroidetes;0;0;0;0;0;0;0;0;0;0;0;0;0;0;0;0;0;0;0;0;0;0
_DSSF69_Sphingomonadales_Alphaproteobacteria_Proteobacteria;0;0;0;0,009685334;0;0;0;0,028703291;0,01681788;0;0;0;0;0;0,01010745;0,023888991;0;0,003023584;0,022026331;0;0;0
_Verrucomicrobiaceae_Verrucomicrobiales_Verrucomicrobiae_Verrucomicrobia;0,001992091;0;0;0;0,002164502;0;0;0;0;0;0;0;0,002199784;0;0;0;0;0;0;0;0;0
Bauldia_Rhizobiales-Incertae-Sedis_Rhizobiales_Alphaproteobacteria_Proteobacteria;0,018924868;0,002782983;0,027083145;0;0;0,035125207;0;0;0;0;0,00152553;0;0;0;0,013217435;0,019793736;0;0,011086475;0;0,003963558;0;0
_AKIW852_Sphingomonadales_Alphaproteobacteria_Proteobacteria;0,001992091;0,002782983;0;0;0;0;0,006599982;0;0,003540606;0;0,005339354;0,00546274;0,005499461;0;0,006219969;0,002047628;0,002127999;0,002015723;0,008259874;0,005662226;0,003080873;0,001380091
Salinimonas_Alteromonadaceae_Alteromonadales_Gammaproteobacteria_Proteobacteria;0;0;0;0;0;0;0;0;0;0;0;0;0;0;0;0;0;0;0;0;0;0
Phenylobacterium_Caulobacteraceae_Caulobacterales_Alphaproteobacteria_Proteobacteria;0;0,001855322;0;0;0;0,020489704;0,002199994;0,003021399;0,004425758;0,001827151;0;0,004552283;0,002199784;0,00191459;0,009329954;0,010920682;0,002127999;0;0,001376646;0,006228448;0;0
Paraglaciecola_Alteromonadaceae_Alteromonadales_Gammaproteobacteria_Proteobacteria;0;0,001855322;0,003009238;0;0,005411255;0;0,002933326;0,003021399;0,002655455;0,001827151;0;0;0;0;0;0;0;0;0;0;0;0
Labrys_Xanthobacteraceae_Rhizobiales_Alphaproteobacteria_Proteobacteria;0,001992091;0;0;0,00645689;0;0,002927101;0,006599982;0,004532099;0,005310909;0,002740727;0,008390414;0,011835936;0,00989903;0,004786475;0,003887481;0,002047628;0,005319998;0,01511792;0,007800992;0,016420454;0,006161746;0,011040726
Simiduia_Cellvibrionaceae_Cellvibrionales_Gammaproteobacteria_Proteobacteria;0;0;0;0;0;0;0;0;0;0;0;0;0;0;0;0;0;0;0;0;0;0
Alkanindiges_Moraxellaceae_Pseudomonadales_Gammaproteobacteria_Proteobacteria;0;0;0,004012318;0;0;0;0,002199994;0,003021399;0;0;0,003813824;0,004552283;0;0;0,028767358;0,005460341;0,009575996;0,005039307;0,005047701;0,002831113;0;0,003450227
Planomicrobium_Planococcaceae_Bacillales_Bacilli_Firmicutes;0;0,001855322;0,003009238;0,004304593;0,002164502;0;0,002199994;0,002266049;0,001770303;0,001827151;0;0,003641826;0,002199784;0;0,001554992;0;0;0;0;0;0;0
Mycobacterium_Mycobacteriaceae_Corynebacteriales_Actinobacteria_Actinobacteria;0;0;0;0;0;0;0,002199994;0;0;0;0;0,001820913;0;0;0,001554992;0;0;0,003023584;0,000917764;0;0,003080873;0,001380091
_D05-2_Rhizobiales_Alphaproteobacteria_Proteobacteria;0,033865554;0,001855322;0,009027715;0,033360596;0;0,023416804;0;0,004532099;0,021243638;0;0;0;0;0;0;0;0;0;0;0;0,009242619;0
Sediminicola_Flavobacteriaceae_Flavobacteriales_Flavobacteriia_Bacteroidetes;0;0,001855322;0;0;0,002164502;0;0;0;0;0;0;0;0;0;0;0;0;0;0;0;0;0
Rhodovulum_Rhodobacteraceae_Rhodobacterales_Alphaproteobacteria_Proteobacteria;0;0;0;0;0;0,010244852;0;0;0;0;0;0;0;0;0;0;0;0;0;0;0;0
Oceaniovalibus_Rhodobacteraceae_Rhodobacterales_Alphaproteobacteria_Proteobacteria;0;0;0;0;0;0,002927101;0;0;0;0;0;0,00273137;0;0;0;0,001365085;0;0;0;0,001132445;0;0,001380091
Bartonella_Bartonellaceae_Rhizobiales_Alphaproteobacteria_Proteobacteria;0;0;0;0,002152297;0;0;0,002199994;0;0;0,001827151;0;0,008194109;0,007699245;0;0;0;0;0;0,002294409;0,001132445;0;0
_MNG7_Rhizobiales_Alphaproteobacteria_Proteobacteria;0;0;0;0;0;0;0;0;0;0;0;0;0;0;0,009329954;0;0;0;0;0;0;0
Sediminibacterium_Chitinophagaceae_Sphingobacteriales_Sphingobacteriia_Bacteroidetes;0;0;0;0;0;0;0;0;0;0;0;0,001820913;0,003299677;0;0,002332488;0;0;0;0;0;0;0
Citreicella_Rhodobacteraceae_Rhodobacterales_Alphaproteobacteria_Proteobacteria;0,001992091;0;0,003009238;0,003228445;0,003246753;0;0;0;0,002655455;0;0,00152553;0,003641826;0,002199784;0;0;0;0;0;0,000917764;0;0;0
Oceanicola_Rhodobacteraceae_Rhodobacterales_Alphaproteobacteria_Proteobacteria;0;0,002782983;0,010030795;0;0,002164502;0;0;0;0,001770303;0,003654303;0;0,00273137;0;0;0;0;0;0;0;0,00226489;0;0
Defluviicoccus_Rhodospirillaceae_Rhodospirillales_Alphaproteobacteria_Proteobacteria;0;0,001855322;0,004012318;0,003228445;0;0;0,003666657;0;0,002655455;0,001827151;0,006864884;0,011835936;0;0,00574377;0,013994931;0,004095256;0,004255998;0,004031445;0,010554283;0,008493338;0,006161746;0,004830318
_C2U_Rhizobiales_Alphaproteobacteria_Proteobacteria;0;0;0;0;0;0;0;0;0,003540606;0;0;0,00273137;0;0;0;0;0;0;0;0,001132445;0;0
Terrabacter_Intrasporangiaceae_Micrococcales_Actinobacteria_Actinobacteria;0;0,001855322;0;0,002152297;0;0;0;0;0;0;0;0;0;0;0;0,00273017;0;0;0;0;0;0
Gordonia_Nocardiaceae_Corynebacteriales_Actinobacteria_Actinobacteria;0;0;0;0;0;0;0;0;0;0;0;0;0;0;0;0;0;0;0;0;0;0
Afifella_Rhodobiaceae_Rhizobiales_Alphaproteobacteria_Proteobacteria;0;0,007421288;0,009027715;0,00645689;0;0,005854201;0,005866651;0,037767488;0,010621819;0,008222182;0;0,007283653;0,002199784;0,00191459;0;0,003412713;0;0,012094336;0,001835528;0,003963558;0;0
Roseicitreum_Rhodobacteraceae_Rhodobacterales_Alphaproteobacteria_Proteobacteria;0;0;0;0;0;0;0;0;0,001770303;0;0;0;0;0;0;0;0;0;0;0;0;0
Leptothrix_Comamonadaceae_Burkholderiales_Betaproteobacteria_Proteobacteria;0;0,051949016;0;0;0,010822511;0,002927101;0,045466545;0;0,001770303;0;0,00152553;0;0,003299677;0;0;0;0;0,022172949;0,000917764;0;0;0
_Phyllobacteriaceae_Rhizobiales_Alphaproteobacteria_Proteobacteria;0;0;0;0;0;0;0,01613329;0,0015107;0;0;0;0;0;0;0;0;0,002127999;0;0,002294409;0;0;0,001380091
uncultured_Cytophagaceae_Cytophagales_Cytophagia_Bacteroidetes;0;0;0;0;0;0;0;0;0;0;0;0;0;0;0;0;0;0;0;0;0;0
uncultured_Xanthomonadaceae_Xanthomonadales_Gammaproteobacteria_Proteobacteria;0;0;0;0;0;0;0;0;0;0;0;0;0;0;0;0;0;0,003023584;0;0;0;0
SM1A02_Phycisphaeraceae_Phycisphaerales_Phycisphaerae_Planctomycetes;0;0;0;0;0,003246753;0;0;0,004532099;0;0;0;0;0,002199784;0;0;0;0;0;0;0,001698668;0;0
_Rhodospirillaceae_Rhodospirillales_Alphaproteobacteria_Proteobacteria;0;0;0;0;0;0;0;0;0;0;0;0;0;0;0;0;0;0;0;0;0,002053915;0
Diplosphaera_Opitutaceae_Opitutales_Opitutae_Verrucomicrobia;0;0;0;0;0;0;0;0;0;0;0;0;0;0;0;0;0;0;0;0;0;0
Azoarcus_Rhodocyclaceae_Rhodocyclales_Betaproteobacteria_Proteobacteria;0,002988137;0,005565966;0;0;0;0;0;0,0015107;0;0;0;0;0;0;0,001554992;0;0;0;0,001376646;0;0;0
Rhodopirellula_Planctomycetaceae_Planctomycetales_Planctomycetacia_Planctomycetes;0,001992091;0;0,004012318;0;0,005411255;0;0;0;0;0,001827151;0;0;0;0;0;0;0;0;0;0;0;0
_SAR116-clade_Rickettsiales_Alphaproteobacteria_Proteobacteria;0;0;0;0;0;0;0;0;0;0;0;0;0;0;0;0;0;0;0;0;0;0
Aquabacterium_Comamonadaceae_Burkholderiales_Betaproteobacteria_Proteobacteria;0,004980228;0;0,005015397;0,002152297;0,002164502;0;0;0;0;0;0;0;0;0,00382918;0;0;0;0;0;0;0;0
Nisaea_Rhodospirillaceae_Rhodospirillales_Alphaproteobacteria_Proteobacteria;0;0,015770237;0,003009238;0,005380741;0,004329004;0;0,005866651;0,003021399;0,002655455;0,001827151;0,003051059;0;0,003299677;0;0;0;0;0;0;0;0;0
Pannonibacter_Rhodobacteraceae_Rhodobacterales_Alphaproteobacteria_Proteobacteria;0,00697232;0,087200134;0,016049271;0,015066076;0,018398268;0,007317751;0,02126661;0,005287448;0,009736667;0,054814544;0,025171241;0,006373196;0;0,00574377;0;0,080540028;0,008511997;0,002015723;0,004588819;0,009059561;0,005134788;0,004140272
Sideroxydans_Gallionellaceae_Nitrosomonadales_Betaproteobacteria_Proteobacteria;0;0,001855322;0,002006159;0;0;0;0,002199994;0;0;0;0;0;0;0;0;0,00273017;0;0;0;0;0;0
Psychrobacter_Moraxellaceae_Pseudomonadales_Gammaproteobacteria_Proteobacteria;0;0;0;0,003228445;0;0;0;0;0;0;0;0;0,003299677;0;0;0;0;0;0;0,001132445;0;0
Burkholderia_Burkholderiaceae_Burkholderiales_Betaproteobacteria_Proteobacteria;0;0;0;0,002152297;0,004329004;0;0,002199994;0;0;0;0;0,003641826;0;0;0;0;0;0;0;0;0;0
Kordiimonas_Kordiimonadaceae_Kordiimonadales_Alphaproteobacteria_Proteobacteria;0;0;0;0,002152297;0;0;0,002199994;0,0015107;0;0;0;0;0;0;0;0;0;0;0;0;0;0
Arcobacter_Campylobacteraceae_Campylobacterales_Epsilonproteobacteria_Proteobacteria;0;0;0;0;0;0;0;0;0;0;0;0;0;0;0;0;0,002127999;0;0;0;0;0
Subsaxibacter_Flavobacteriaceae_Flavobacteriales_Flavobacteriia_Bacteroidetes;0;0,001855322;0;0;0;0;0;0;0;0;0;0;0;0,002871885;0;0;0;0;0;0;0;0
Variibacter_Xanthobacteraceae_Rhizobiales_Alphaproteobacteria_Proteobacteria;0;0;0;0;0;0;0;0;0,009736667;0;0;0;0;0;0,002332488;0,00273017;0;0,009070752;0,00963652;0,006228448;0;0,005520363
Bosea_Bradyrhizobiaceae_Rhizobiales_Alphaproteobacteria_Proteobacteria;0,015936731;0,021336203;0,008024636;0,019370669;0,012987013;0,014635503;0,008066645;0,006798148;0,007966364;0,00639503;0,003813824;0,009104566;0,012098814;0,012444836;0,003887481;0,008190511;0,003191999;0,006047168;0,006424346;0,007360893;0;0,002070136
Dyadobacter_Cytophagaceae_Cytophagales_Cytophagia_Bacteroidetes;0,005976274;0,001855322;0;0,00645689;0;0;0,00513332;0,006042798;0;0,001827151;0;0,006373196;0,002199784;0,00191459;0;0;0;0;0;0;0;0
uncultured_Pseudomonadaceae_Pseudomonadales_Gammaproteobacteria_Proteobacteria;0;0;0;0;0;0;0;0,002266049;0;0;0,00152553;0;0;0,002871885;0,004664977;0,001365085;0;0,004031445;0;0,001698668;0;0
Nocardioides_Nocardioidaceae_Propionibacteriales_Actinobacteria_Actinobacteria;0;0,00927661;0,005015397;0,004304593;0,004329004;0,002927101;0,010266639;0,012085596;0;0,004567879;0,004576589;0;0;0,00574377;0;0;0;0;0;0;0;0
uncultured_Colwelliaceae_Alteromonadales_Gammaproteobacteria_Proteobacteria;0;0,004638305;0;0,002152297;0;0;0;0,002266049;0;0;0;0,001820913;0;0;0;0;0;0;0;0,001132445;0;0
Pir4-lineage_Planctomycetaceae_Planctomycetales_Planctomycetacia_Planctomycetes;0;0;0;0;0;0;0;0;0;0;0;0;0;0;0;0;0;0;0;0;0;0
uncultured_Alcaligenaceae_Burkholderiales_Betaproteobacteria_Proteobacteria;0,008964411;0,00927661;0,017052351;0,011837631;0,011904762;0,005854201;0,005866651;0,012085596;0,007966364;0,007308606;0,010678708;0,013656849;0,008799138;0;0,001554992;0,009555597;0,005319998;0,002015723;0,007800992;0,013023119;0;0,001380091
Imperialibacter_Flammeovirgaceae_Cytophagales_Cytophagia_Bacteroidetes;0,032869508;0,021336203;0,042129337;0,013989927;0,022727273;0,021953254;0,008799977;0,020394444;0,006196061;0,00639503;0,004576589;0,001820913;0,005499461;0,009572951;0;0;0;0;0;0,005096003;0;0
Roseobacter-clade-CHAB-I-5-lineage_Rhodobacteraceae_Rhodobacterales_Alphaproteobacteria_Proteobacteria;0;0;0,004012318;0,025827558;0,007575758;0,010244852;0,009533308;0,005287448;0,015932728;0,002740727;0,020594651;0,010925479;0,002199784;0,00382918;0;0,010238139;0;0,004031445;0,000917764;0,003397335;0;0
Methylobacterium_Methylobacteriaceae_Rhizobiales_Alphaproteobacteria_Proteobacteria;0,026893234;0,033395796;0,012036953;0,013989927;0,044372294;0,036588757;0,025666598;0,010574897;0,012392122;0,003654303;0,020594651;0,009104566;0,037396335;0,039249098;0,003887481;0,01296831;0,011703995;0,004031445;0,018355276;0,029443573;0;0,009660636
Tistrella_Rhodospirillaceae_Rhodospirillales_Alphaproteobacteria_Proteobacteria;0,004980228;0,010204271;0,010030795;0,00645689;0,004329004;0,005854201;0,008799977;0,006798148;0;0,011876485;0,003051059;0,011835936;0,005499461;0,00574377;0,004664977;0,003412713;0,004255998;0;0,012848693;0,003963558;0,005134788;0,002760182
uncultured_Erythrobacteraceae_Sphingomonadales_Alphaproteobacteria_Proteobacteria;0,008964411;0,001855322;0,013040033;0,002152297;0;0,004390651;0,006599982;0,003021399;0,003540606;0,001827151;0,002288295;0,001820913;0,006599353;0,00191459;0,003887481;0,004095256;0,003191999;0,002015723;0,002753291;0,001132445;0;0
Nakamurella_Nakamurellaceae_Frankiales_Actinobacteria_Actinobacteria;0,010956503;0,001855322;0,013040033;0,02475141;0,008658009;0,013171953;0,011733302;0,030213991;0,012392122;0,005481454;0,009153178;0,019119588;0,01979806;0,012444836;0,017104915;0,015015937;0,021279991;0,014110058;0,011472047;0,009059561;0,009242619;0,007590499
Algoriphagus_Cyclobacteriaceae_Cytophagales_Cytophagia_Bacteroidetes;0;0,001855322;0;0,003228445;0,002164502;0;0,001466663;0,002266049;0;0,001827151;0;0,001820913;0,003299677;0,00191459;0,001554992;0;0;0,002015723;0;0,001698668;0;0
uncultured_Geodermatophilaceae_Frankiales_Actinobacteria_Actinobacteria;0;0;0;0;0;0;0;0;0;0;0;0,00273137;0;0;0;0,006142883;0;0,004031445;0,004588819;0,009625784;0,003080873;0,003450227
Pseudochrobactrum_Brucellaceae_Rhizobiales_Alphaproteobacteria_Proteobacteria;0;0;0;0;0;0;0,002199994;0;0;0;0;0;0;0;0;0;0;0;0;0;0;0
Shewanella_Shewanellaceae_Alteromonadales_Gammaproteobacteria_Proteobacteria;0,004980228;0,021336203;0,004012318;0,00645689;0,006493506;0,002927101;0,009533308;0,006798148;0;0,007308606;0,005339354;0,004552283;0;0;0;0;0;0;0;0,002831113;0;0
Lapillicoccus_Intrasporangiaceae_Micrococcales_Actinobacteria_Actinobacteria;0;0;0,002006159;0;0,003246753;0;0;0,0015107;0,002655455;0;0,002288295;0;0;0;0;0;0,003191999;0,005039307;0,001376646;0,002831113;0;0,002760182
Haematobacter_Rhodobacteraceae_Rhodobacterales_Alphaproteobacteria_Proteobacteria;0;0;0;0,007533038;0;0;0;0;0;0;0;0;0;0;0;0;0;0;0;0,001132445;0;0
Arthrobacter_Micrococcaceae_Micrococcales_Actinobacteria_Actinobacteria;0,004980228;0;0;0,008609186;0,004329004;0;0,007333314;0,009819547;0,001770303;0,004567879;0,002288295;0,001820913;0;0,00191459;0;0,001365085;0;0;0;0,003963558;0;0
___SPOTSOCT00m83_Proteobacteria;0,021913005;0,045455389;0,005015397;0,007533038;0,020562771;0,010244852;0,00513332;0,003021399;0,011506971;0,004567879;0,004576589;0,00273137;0,00989903;0,00382918;0,002332488;0,004777798;0;0,005039307;0,001835528;0,003963558;0;0,002760182
_SHWN-night2_Rickettsiales_Alphaproteobacteria_Proteobacteria;0,008964411;0,003710644;0;0;0;0,002927101;0,00513332;0,003776749;0;0;0;0;0;0;0;0;0;0;0;0;0;0
Acinetobacter_Moraxellaceae_Pseudomonadales_Gammaproteobacteria_Proteobacteria;0,001992091;0,003710644;0,012036953;0,005380741;0,005411255;0,002927101;0,002199994;0,003776749;0,001770303;0,00639503;0,002288295;0,009104566;0,002199784;0,002871885;0;0,00273017;0,002127999;0;0,001376646;0,001132445;0;0,001380091
Methylosinus_Methylocystaceae_Rhizobiales_Alphaproteobacteria_Proteobacteria;0,008964411;0,012987254;0,014043112;0,005380741;0,00974026;0,013171953;0,008066645;0,012840946;0,007966364;0,010962909;0,009153178;0,00546274;0,010998922;0,002871885;0,002332488;0;0,005319998;0,005039307;0,007800992;0,005096003;0,004107831;0
Marivita_Rhodobacteraceae_Rhodobacterales_Alphaproteobacteria_Proteobacteria;0,001992091;0;0;0;0;0;0;0,005287448;0;0;0;0;0,002199784;0;0;0;0;0;0;0;0;0
Moraxella_Moraxellaceae_Pseudomonadales_Gammaproteobacteria_Proteobacteria;0;0;0;0;0;0;0;0;0;0;0;0,010015023;0,010998922;0,00574377;0,001554992;0,004095256;0,009575996;0,003023584;0,002294409;0,003963558;0;0,001380091
_Rhodobacteraceae_Rhodobacterales_Alphaproteobacteria_Proteobacteria;0,003984183;0,004638305;0,009027715;0,003228445;0,010822511;0;0,004399988;0,003776749;0,001770303;0,005481454;0;0,006373196;0,002199784;0,010530246;0,002332488;0,005460341;0,008511997;0,002015723;0,003671055;0,007360893;0,002053915;0,002070136
Limnobacter_Burkholderiaceae_Burkholderiales_Betaproteobacteria_Proteobacteria;0;0,006493627;0,005015397;0;0,006493506;0;0;0,003021399;0,002655455;0;0,005339354;0;0;0;0,001554992;0;0;0,004031445;0;0;0,004107831;0,001380091
____Hydrogenedentes;0;0,010204271;0,003009238;0,003228445;0,003246753;0;0,002199994;0;0,006196061;0;0,003813824;0;0;0;0;0;0;0;0,001376646;0;0,002053915;0
_JG34-KF-361_Rhizobiales_Alphaproteobacteria_Proteobacteria;0,00697232;0,01855322;0,002006159;0,004304593;0,004329004;0,013171953;0,013199965;0,003021399;0,008851516;0,001827151;0,007627649;0;0,020897952;0,007658361;0,051314746;0,011603224;0,002127999;0,047369482;0,004588819;0,005662226;0;0,013800908
Lentibacter_Rhodobacteraceae_Rhodobacterales_Alphaproteobacteria_Proteobacteria;0;0;0;0,002152297;0;0;0;0;0;0;0;0;0;0;0;0;0;0;0;0;0;0
Comamonas_Comamonadaceae_Burkholderiales_Betaproteobacteria_Proteobacteria;0,023905097;0,007421288;0,03611086;0,025827558;0,027056277;0,038052307;0,002199994;0,027192592;0,03363576;0,022839393;0,043477598;0,050075113;0,046195473;0,029676147;0,043539784;0,040270014;0,04894398;0,042330175;0,040840488;0,049827585;0,028754814;0,032432134
Deinococcus_Deinococcaceae_Deinococcales_Deinococci_Deinococcus-Thermus;0;0;0,002006159;0,004304593;0;0;0,002933326;0;0;0,003654303;0,003051059;0,014567306;0,006599353;0,006701065;0,007774962;0,010920682;0,006383997;0,013102197;0,029368441;0,055489811;0,033889602;0,06003395
uncultured_Hyphomonadaceae_Caulobacterales_Alphaproteobacteria_Proteobacteria;0,011952548;0,015770237;0,006018477;0,002152297;0,004329004;0;0,008066645;0,005287448;0,003540606;0,004567879;0,00152553;0,007283653;0,002199784;0;0;0,001365085;0;0;0;0,001132445;0;0
OM43-clade_Methylophilaceae_Methylophilales_Betaproteobacteria_Proteobacteria;0;0,002782983;0,004012318;0,008609186;0,012987013;0,002927101;0,002199994;0,003776749;0,008851516;0,005481454;0,00152553;0;0;0;0;0;0;0,002015723;0,001376646;0,00226489;0;0
_NS7-marine-group_Flavobacteriales_Flavobacteriia_Bacteroidetes;0,009960457;0,001855322;0,003009238;0;0,003246753;0;0,010999971;0,002266049;0;0,001827151;0;0,001820913;0;0;0;0;0;0;0;0,001132445;0;0
Desulfovibrio_Desulfovibrionaceae_Desulfovibrionales_Deltaproteobacteria_Proteobacteria;0,008964411;0,004638305;0;0,004304593;0,020562771;0,014635503;0,002933326;0,005287448;0,005310909;0,008222182;0,003813824;0;0;0,023932377;0,024879877;0,001365085;0,009575996;0,006047168;0,004588819;0,009059561;0,008215661;0,006210409
Perlucidibaca_Moraxellaceae_Pseudomonadales_Gammaproteobacteria_Proteobacteria;0,001992091;0,004638305;0,004012318;0,00645689;0,003246753;0;0,007333314;0;0,001770303;0,005481454;0;0,001820913;0;0;0;0,001365085;0;0;0;0;0;0,001380091
Maricaulis_Hyphomonadaceae_Caulobacterales_Alphaproteobacteria_Proteobacteria;0,017928823;0,02782983;0,008024636;0,011837631;0,010822511;0,002927101;0,024933267;0,006798148;0,001770303;0,003654303;0,002288295;0,003641826;0;0,002871885;0,001554992;0,00273017;0;0;0,000917764;0,002831113;0;0,002070136
Oceanobacter_Oceanospirillaceae_Oceanospirillales_Gammaproteobacteria_Proteobacteria;0;0;0;0;0;0;0;0;0;0;0;0;0;0;0;0,001365085;0;0;0;0;0;0
uncultured_Gemmatimonadaceae_Gemmatimonadales_Gemmatimonadetes_Gemmatimonadetes;0;0;0;0;0;0;0;0;0;0;0;0;0;0;0;0;0;0;0;0;0;0
SAR92-clade_Porticoccaceae_Cellvibrionales_Gammaproteobacteria_Proteobacteria;0;0;0;0;0;0;0;0;0;0;0;0;0;0;0;0;0;0;0;0;0;0
Undibacterium_Oxalobacteraceae_Burkholderiales_Betaproteobacteria_Proteobacteria;0,024901142;0,04638305;0,03711394;0,009685334;0,034632035;0,043906508;0,024199935;0,023415843;0,040716973;0,021925818;0,027459535;0,020940502;0,034096659;0;0,004664977;0,011603224;0,014895994;0,009070752;0,017896394;0,020384012;0,005134788;0,010350681
Paracocccus_Rhodobacteraceae_Rhodobacterales_Alphaproteobacteria_Proteobacteria;0,018924868;0,011131932;0,010030795;0,009685334;0,014069264;0,008781302;0,00513332;0,020394444;0,003540606;0,002740727;0,002288295;0,00546274;0,006599353;0,008615656;0;0,002047628;0,003191999;0;0;0;0;0
Peredibacter_Bacteriovoracaceae_Bdellovibrionales_Deltaproteobacteria_Proteobacteria;0,001992091;0;0,002006159;0,002152297;0;0;0;0,0015107;0;0;0;0;0;0;0;0;0;0;0;0;0;0
Chlorochromatium_Comamonadaceae_Burkholderiales_Betaproteobacteria_Proteobacteria;0,024901142;0,005565966;0,004012318;0,008609186;0,007575758;0,004390651;0,007333314;0,006798148;0;0,007308606;0,004576589;0,003641826;0,002199784;0;0;0,002047628;0;0,002015723;0,003212173;0,001698668;0,018485237;0,004830318
_DEV007_Verrucomicrobiales_Verrucomicrobiae_Verrucomicrobia;0,004980228;0,002782983;0,004012318;0,00645689;0,004329004;0;0,002933326;0,005287448;0;0,003654303;0,00152553;0,003641826;0,002199784;0;0;0,003412713;0,003191999;0;0;0;0;0,001380091
Sphingobium_Sphingomonadaceae_Sphingomonadales_Alphaproteobacteria_Proteobacteria;0;0;0;0,003228445;0;0;0,002199994;0,0015107;0,005310909;0,004567879;0,003813824;0;0,005499461;0,00191459;0;0,002047628;0;0;0,000917764;0,001698668;0,016431322;0
Bradyrhizobium_Bradyrhizobiaceae_Rhizobiales_Alphaproteobacteria_Proteobacteria;0;0;0;0;0;0;0;0;0;0;0;0;0,002199784;0;0;0;0;0;0;0;0;0
Thalassospira_Rhodospirillaceae_Rhodospirillales_Alphaproteobacteria_Proteobacteria;0,002988137;0,004638305;0;0;0;0,002927101;0,002933326;0,0015107;0,001770303;0,001827151;0;0,001820913;0;0,00191459;0;0;0;0;0,000917764;0;0;0,001380091
Pseudospirillum_Oceanospirillaceae_Oceanospirillales_Gammaproteobacteria_Proteobacteria;0,00697232;0,007421288;0,005015397;0,007533038;0,005411255;0;0,007333314;0,009064197;0,002655455;0,005481454;0;0,00273137;0;0;0,002332488;0;0;0;0;0,001132445;0;0
Owenweeksia_Cryomorphaceae_Flavobacteriales_Flavobacteriia_Bacteroidetes;0,00697232;0,012987254;0,015046192;0,011837631;0,004329004;0;0,006599982;0,006798148;0;0,002740727;0;0,001820913;0;0;0;0;0;0;0;0;0;0
Marinomonas_Oceanospirillaceae_Oceanospirillales_Gammaproteobacteria_Proteobacteria;0,005976274;0,002782983;0,003009238;0;0,005411255;0,002927101;0;0,003776749;0;0;0,002288295;0;0;0,00191459;0,001554992;0;0;0;0;0;0;0
Reyranella_Rhodospirillales-Incertae-Sedis_Rhodospirillales_Alphaproteobacteria_Proteobacteria;0,034861599;0,034323457;0,023070827;0,027979855;0,042207792;0,020489704;0,01613329;0,027192592;0,024784244;0,016444363;0,009153178;0,027313698;0,037396335;0,032548032;0,010884946;0,013650852;0,02553599;0,007055029;0,013307575;0,023781347;0,016431322;0,009660636
Phyllobacterium_Phyllobacteriaceae_Rhizobiales_Alphaproteobacteria_Proteobacteria;0;0;0,007021556;0;0,003246753;0;0;0,004532099;0;0;0;0,001820913;0;0;0;0;0;0;0;0;0;0
Ilumatobacter_Acidimicrobiaceae_Acidimicrobiales_Acidimicrobiia_Actinobacteria;0,016932777;0,035251118;0,017052351;0,012913779;0,029220779;0,013171953;0,034466575;0,027947941;0,014162425;0,014617212;0,008390414;0,013656849;0,002199784;0;0,002332488;0,005460341;0,003191999;0;0,002294409;0,003963558;0;0
uncultured_Xanthobacteraceae_Rhizobiales_Alphaproteobacteria_Proteobacteria;0;0;0;0;0;0;0;0;0,035406063;0,008222182;0,00152553;0;0,008799138;0;0,002332488;0,004777798;0,002127999;0,009070752;0,006424346;0,026046238;0;0,006210409
uncultured_Rhodobiaceae_Rhizobiales_Alphaproteobacteria_Proteobacteria;0,038845782;0,001855322;0,024073907;0,02475141;0,010822511;0;0,010999971;0,006798148;0,027439699;0,004567879;0;0,020940502;0;0,00191459;0;0,046412897;0,018087993;0,002015723;0;0,00452978;0;0,001380091
Ensifer_Rhizobiaceae_Rhizobiales_Alphaproteobacteria_Proteobacteria;0;0;0;0;0;0;0;0;0;0,004567879;0;0,001820913;0;0;0;0;0;0;0,001376646;0;0;0
Parapusillimonas_Alcaligenaceae_Burkholderiales_Betaproteobacteria_Proteobacteria;0,038845782;0,047310711;0,015046192;0,029056003;0,003246753;0,007317751;0,022733273;0,013596296;0,006196061;0,003654303;0,008390414;0,013656849;0,002199784;0,012444836;0;0,006142883;0,003191999;0;0,002294409;0,00452978;0,004107831;0,004140272
Boseongicola_Rhodobacteraceae_Rhodobacterales_Alphaproteobacteria_Proteobacteria;0;0;0,003009238;0;0;0;0;0;0;0;0,00152553;0,003641826;0,006599353;0;0;0;0;0;0,000917764;0;0;0
Micrococcus_Micrococcaceae_Micrococcales_Actinobacteria_Actinobacteria;0,056774605;0,01855322;0,030092384;0,050578968;0,014069264;0,023416804;0,027133261;0,044565636;0,018588183;0,007308606;0,011441473;0,008194109;0,00989903;0,002871885;0,003109985;0,005460341;0,007447997;0;0,006883228;0,002831113;0;0
uncultured_Chitinophagaceae_Sphingobacteriales_Sphingobacteriia_Bacteroidetes;0;0,002782983;0;0,00645689;0;0;0,002199994;0,002266049;0,002655455;0;0;0;0;0;0,005442473;0,001365085;0,004255998;0,006047168;0,004129937;0,010192006;0;0,002070136
Opitutus_Opitutaceae_Opitutales_Opitutae_Verrucomicrobia;0;0;0;0;0;0;0;0;0;0;0;0;0;0;0;0;0;0;0;0;0;0
Oceanibaculum_Rhodospirillaceae_Rhodospirillales_Alphaproteobacteria_Proteobacteria;0,051794376;0,067719253;0,027083145;0,023675262;0,060606061;0,030734556;0,018333284;0,026437242;0,030095154;0,015530788;0,019069122;0,020940502;0,020897952;0,012444836;0,01010745;0,022523906;0,009575996;0,004031445;0,008718756;0,008493338;0,005134788;0,002070136
Pedobacter_Sphingobacteriaceae_Sphingobacteriales_Sphingobacteriia_Bacteroidetes;0,005976274;0,001855322;0,008024636;0,004304593;0,003246753;0;0;0,002266049;0;0;0,002288295;0,001820913;0,004399569;0,00191459;0;0,004777798;0,002127999;0;0;0,00226489;0;0
Oxalicibacterium_Oxalobacteraceae_Burkholderiales_Betaproteobacteria_Proteobacteria;0;0;0;0;0;0;0;0;0;0;0;0;0;0;0;0;0;0;0;0;0;0
Rhodoferax_Comamonadaceae_Burkholderiales_Betaproteobacteria_Proteobacteria;0;0;0;0;0;0;0;0;0;0;0,007627649;0;0;0;0;0;0,243655903;0;0;0;0;0
Albidiferax_Comamonadaceae_Burkholderiales_Betaproteobacteria_Proteobacteria;0;0;0,013040033;0;0;0;0;0;0;0;0,002288295;0;0;0;0,007774962;0;0;0;0;0;0;0
Phaselicystis_Phaselicystidaceae_Myxococcales_Deltaproteobacteria_Proteobacteria;0,057770651;0,113174641;0,084258674;0,088244157;0,091991342;0,010244852;0,07993312;0,09744012;0,023899093;0,06851818;0,037375479;0,04279146;0,005499461;0,00382918;0,009329954;0,006142883;0,008511997;0,002015723;0,004588819;0,005662226;0;0,003450227
Aquamicrobium_Phyllobacteriaceae_Rhizobiales_Alphaproteobacteria_Proteobacteria;0,001992091;0,002782983;0,003009238;0;0;0;0,001466663;0,0015107;0;0;0,019831887;0,013656849;0;0;0,004664977;0,01296831;0,002127999;0,003023584;0,001835528;0,001132445;0;0,00897059
Pirellula_Planctomycetaceae_Planctomycetales_Planctomycetacia_Planctomycetes;0;0,002782983;0,002006159;0,008609186;0;0,013171953;0;0;0,010621819;0;0,004576589;0,001820913;0,003299677;0;0;0,002047628;0,002127999;0;0,002294409;0,00452978;0;0,004140272
Cobetia_Halomonadaceae_Oceanospirillales_Gammaproteobacteria_Proteobacteria;0;0;0,014043112;0,002152297;0,003246753;0,002927101;0,019799947;0,03096934;0,01681788;0,009135757;0,011441473;0,024582328;0,007699245;0,00382918;0,006219969;0,008190511;0,015959994;0,007055029;0,004129937;0,013589341;0,002053915;0,002070136
_uncultured_Rhizobiales_Alphaproteobacteria_Proteobacteria;0,015936731;0,063080948;0,026080066;0,00645689;0,032467532;0,017562603;0,034466575;0,024171192;0,034520912;0,014617212;0,064835014;0,035507807;0,012098814;0,018188606;0,003109985;0,022523906;0,014895994;0,013102197;0,023402976;0,017552899;0;0,066934404
___ML635J-21_Cyanobacteria;0;0;0;0;0;0;0;0;0;0;0;0;0;0;0;0;0;0;0;0;0;0
Pseudoalteromonas_Pseudoalteromonadaceae_Alteromonadales_Gammaproteobacteria_Proteobacteria;0;0,010204271;0,009027715;0,008609186;0,008658009;0;0,002933326;0,003776749;0,001770303;0,003654303;0;0,001820913;0;0;0;0;0,003191999;0;0;0;0;0
__B38_Gammaproteobacteria_Proteobacteria;0;0;0,003009238;0;0;0;0;0;0,001770303;0,001827151;0;0;0;0;0;0;0;0;0;0;0;0
Roseivirga_Flammeovirgaceae_Cytophagales_Cytophagia_Bacteroidetes;0;0,002782983;0;0,002152297;0;0;0,001466663;0;0;0;0;0;0,002199784;0;0;0;0;0;0;0;0;0
Falsirhodobacter_Rhodobacteraceae_Rhodobacterales_Alphaproteobacteria_Proteobacteria;0,036853691;0,048238372;0,031095463;0,017218372;0,055194805;0,026343905;0,028599924;0,038522838;0,037176366;0,016444363;0,017543592;0,009104566;0,021997844;0,002871885;0,008552458;0,019793736;0;0,004031445;0;0,005662226;0,002053915;0,002760182
Ketogulonicigenium_Rhodobacteraceae_Rhodobacterales_Alphaproteobacteria_Proteobacteria;0,010956503;0,012059593;0,014043112;0,00645689;0,017316017;0,008781302;0,019066616;0,008308847;0,008851516;0;0,011441473;0,00273137;0,008799138;0,00574377;0,002332488;0,004095256;0;0;0,003671055;0,00226489;0;0,001380091
_OPB56_Chlorobiales_Chlorobia_Chlorobi;0,076695519;0,064008609;0,041126258;0,065645043;0,047619048;0,017562603;0,114399695;0,050608434;0,029210002;0,032888726;0,041189303;0,025492785;0,031896874;0,004786475;0,006997465;0,01569848;0,002127999;0;0,02432074;0,035105799;0,002053915;0,004830318
Oceanibulbus_Rhodobacteraceae_Rhodobacterales_Alphaproteobacteria_Proteobacteria;0,031873462;0,031540474;0,002006159;0;0;0;0,029333255;0,020394444;0,018588183;0,01279006;0;0,00546274;0,015398491;0,00191459;0;0;0;0;0;0;0;0,002760182
Planococcus_Planococcaceae_Bacillales_Bacilli_Firmicutes;0,004980228;0,007421288;0,006018477;0,003228445;0;0,002927101;0,001466663;0,002266049;0;0;0;0;0;0,002871885;0;0;0;0;0;0;0;0
uncultured_Phyllobacteriaceae_Rhizobiales_Alphaproteobacteria_Proteobacteria;0,011952548;0,013914915;0,017052351;0,058112006;0,029220779;0,036588757;0,00513332;0,025681892;0;0,00639503;0,021357416;0,00546274;0,010998922;0,015316721;0,014772427;0,010238139;0,040431984;0,004031445;0,004129937;0,012456896;0,007188703;0,009660636
_GR-WP33-58_Desulfuromonadales_Deltaproteobacteria_Proteobacteria;0,009960457;0,005565966;0;0,00645689;0,006493506;0;0,008066645;0,006798148;0;0,001827151;0,00152553;0;0,002199784;0,00191459;0;0;0;0;0;0,00226489;0;0
Microbacterium_Microbacteriaceae_Micrococcales_Actinobacteria_Actinobacteria;0,029881371;0,012987254;0,025076986;0,046274375;0,027056277;0,035125207;0,02639993;0,053629833;0,046027882;0,020098666;0,053393541;0,041881003;0,053894718;0,021060491;0,0202149;0,035492216;0,042559983;0,018141504;0,018814157;0,020950235;0,027727856;0,007590499
Sulfitobacter_Rhodobacteraceae_Rhodobacterales_Alphaproteobacteria_Proteobacteria;0;0,041744745;0,015046192;0,00645689;0,037878788;0,027807455;0;0,002266049;0,003540606;0;0,007627649;0,006373196;0,003299677;0,004786475;0;0,004095256;0,011703995;0;0,003212173;0,003397335;0,004107831;0
Seohaeicola_Rhodobacteraceae_Rhodobacterales_Alphaproteobacteria_Proteobacteria;0;0,044527728;0,017052351;0,002152297;0,022727273;0;0,008066645;0,015862345;0;0,009135757;0,003813824;0;0;0;0;0;0;0;0,002294409;0,003397335;0;0
Ochrobactrum_Brucellaceae_Rhizobiales_Alphaproteobacteria_Proteobacteria;0;0;0;0;0;0;0;0,0015107;0;0;0;0,00273137;0;0;0;0;0,002127999;0;0,001376646;0;0;0
Thermovum_Phyllobacteriaceae_Rhizobiales_Alphaproteobacteria_Proteobacteria;0,009960457;0,098332066;0,010030795;0;0;0,092203668;0,089466428;0,116323864;0,008851516;0,002740727;0,007627649;0;0,004399569;0,034462622;0,03032235;0,045730355;0,103207959;0,079621044;0,002294409;0,040768024;0,004107831;0,006210409
Kerstersia_Alcaligenaceae_Burkholderiales_Betaproteobacteria_Proteobacteria;0;0,005565966;0,008024636;0;0,003246753;0;0,001466663;0,015106995;0;0,008222182;0,002288295;0;0;0,007658361;0;0;0;0;0;0,001132445;0;0
Prosthecobacter_Verrucomicrobiaceae_Verrucomicrobiales_Verrucomicrobiae_Verrucomicrobia;0,028885325;0,028757491;0,01805543;0,009685334;0,008658009;0,011708402;0,027866592;0,026437242;0,001770303;0,01279006;0,007627649;0,010015023;0,002199784;0,002871885;0,001554992;0,001365085;0;0;0;0,002831113;0;0
Escherichia-Shigella_Enterobacteriaceae_Enterobacteriales_Gammaproteobacteria_Proteobacteria;0,119525484;0,176255589;0,12939725;0,114071715;0,064935065;0,064396212;0,145932944;0,131430859;0,073467581;0,083135392;0,080853076;0,038239177;0,025297521;0,010530246;0,017104915;0,015015937;0,015959994;0,004031445;0,008718756;0,033407131;0,013350449;0,00897059
Celeribacter_Rhodobacteraceae_Rhodobacterales_Alphaproteobacteria_Proteobacteria;0;0;0;0;0;0;0;0;0;0;0;0;0;0;0;0;0;0;0;0;0;0
Flavobacterium_Flavobacteriaceae_Flavobacteriales_Flavobacteriia_Bacteroidetes;0,011952548;0,012059593;0,011033874;0,00645689;0,008658009;0;0,019066616;0,011330246;0,001770303;0,005481454;0,003051059;0,008194109;0;0,004786475;0,014772427;0,005460341;0,002127999;0;0,002753291;0,001132445;0,008215661;0,002070136
Antarctobacter_Rhodobacteraceae_Rhodobacterales_Alphaproteobacteria_Proteobacteria;0,201201231;0,234698232;0,162498872;0,21522965;0,283549784;0,118547573;0,194332815;0,232647728;0,205355167;0,140690663;0,17391039;0,201210907;0,152885017;0,079455491;0,119734407;0,142651405;0,070223972;0,025196533;0,127110283;0,094559167;0,040051348;0,033812225
uncultured_Cryomorphaceae_Flavobacteriales_Flavobacteriia_Bacteroidetes;0,021913005;0,022263864;0,033101622;0,019370669;0,014069264;0,004390651;0,011733302;0,066470779;0,002655455;0,010049333;0,009153178;0,020030045;0,002199784;0,00574377;0;0,005460341;0;0,003023584;0;0,001132445;0;0,001380091
Tumebacillus_Alicyclobacillaceae_Bacillales_Bacilli_Firmicutes;0;0;0;0;0;0;0;0;0;0;0;0;0;0;0;0;0;0;0;0;0,002053915;0,256006845
Marinicella_Family-Incertae-Sedis_Order-Incertae-Sedis_Gammaproteobacteria_Proteobacteria;0,002988137;0,006493627;0;0,002152297;0;0;0,00513332;0,008308847;0,005310909;0;0;0;0;0,00191459;0;0;0;0;0;0;0;0
Dokdonella_Xanthomonadaceae_Xanthomonadales_Gammaproteobacteria_Proteobacteria;0;0;0,004012318;0,002152297;0;0,002927101;0,002199994;0,004532099;0,004425758;0,005481454;0,006102119;0,003641826;0,003299677;0,00574377;0;0,00273017;0,009575996;0,006047168;0,00734211;0,00452978;0;0,007590499
BAL58-marine-group_Comamonadaceae_Burkholderiales_Betaproteobacteria_Proteobacteria;0;0,001855322;0,002006159;0;0;0;0;0;0;0;0;0;0;0;0;0;0;0;0;0;0;0
Marinobacterium_Oceanospirillaceae_Oceanospirillales_Gammaproteobacteria_Proteobacteria;0,055778559;0,110391658;0,061187847;0,057035857;0,046536797;0,029271006;0,118799683;0,12916481;0,023013941;0,039283757;0,016780827;0,060090135;0,007699245;0,00191459;0,006997465;0,022523906;0,007447997;0,002015723;0,000917764;0,018119122;0,003080873;0,004140272
Erythrobacter_Erythrobacteraceae_Sphingomonadales_Alphaproteobacteria_Proteobacteria;0,01394464;0,041744745;0,046141655;0,005380741;0,048701299;0,016099053;0,043999883;0,029458641;0,047798185;0,04293806;0,048054187;0,066463331;0,082491916;0,056480409;0,057534715;0,04436527;0,061711975;0,020157226;0,044052661;0,044731582;0,05237484;0,036572406
Arenibacter_Flavobacteriaceae_Flavobacteriales_Flavobacteriia_Bacteroidetes;0,001992091;0,016697898;0,012036953;0,013989927;0,003246753;0,002927101;0,008799977;0,010574897;0,003540606;0;0,003051059;0,007283653;0,003299677;0,004786475;0;0;0;0;0,002294409;0,00226489;0,002053915;0
Simplicispira_Comamonadaceae_Burkholderiales_Betaproteobacteria_Proteobacteria;0,043826011;0,073285219;0,061187847;0,071025785;0,046536797;0,007317751;0,02639993;0,044565636;0,061960611;0,010962909;0,067123309;0,00273137;0,002199784;0,002871885;0;0,02866679;0,021279991;0,037290869;0,051394771;0,014155564;0,007188703;0,006900454
Hydrogenophaga_Comamonadaceae_Burkholderiales_Betaproteobacteria_Proteobacteria;0,129485941;0,070502236;0,072221721;0,076406526;0,077922078;0,073177514;0,089466428;0,105748967;0,058420004;0,05572812;0,080853076;0,062821505;0,069293209;0,019145901;0,027212365;0,034809673;0,02553599;0,019149365;0,028450677;0,027744905;0,007188703;0,00897059
Devosia_Hyphomicrobiaceae_Rhizobiales_Alphaproteobacteria_Proteobacteria;0,038845782;0,062153287;0,028086225;0,048426671;0,037878788;0,04976071;0,025666598;0,055140533;0,037176366;0,032888726;0,051105246;0,046433286;0,030796982;0,043078278;0,028767358;0,059381207;0,05107198;0,039306591;0,027532913;0,060585814;0,044159178;0,032432134
___OM190_Planctomycetes;0;0,003710644;0;0;0;0;0;0,0015107;0;0;0;0;0;0;0;0;0;0;0;0;0;0
Rhizobacter_Comamonadaceae_Burkholderiales_Betaproteobacteria_Proteobacteria;0;0;0,002006159;0;0;0;0;0;0;0;0;0;0;0;0;0;0;0;0;0;0;0
Aeromonas_Aeromonadaceae_Aeromonadales_Gammaproteobacteria_Proteobacteria;0,008964411;0,014842576;0,002006159;0;0,002164502;0;0,00513332;0,002266049;0;0,00639503;0,009153178;0,00273137;0;0,002871885;0;0;0;0;0;0,003397335;0;0
Gemmobacter_Rhodobacteraceae_Rhodobacterales_Alphaproteobacteria_Proteobacteria;0,010956503;0,034323457;0;0,209848909;0,036796537;0,019026154;0,005866651;0,008308847;0,003540606;0;0,00152553;0,009104566;0,002199784;0;0;0,001365085;0;0;0,011930929;0,001698668;0;0,010350681
Pseudoxanthobacter_Xanthobacteraceae_Rhizobiales_Alphaproteobacteria_Proteobacteria;0,11354921;0,072357558;0,251772943;0,062416599;0,273809524;0,146355028;0,067466487;0,024171192;0,19030759;0,067604604;0,105261552;0,136568489;0,178182538;0,197202784;0,072307142;0,117397329;0,161727935;0,042330175;0,471730581;0,076440046;0,054428755;0,061414041
Aminobacter_Phyllobacteriaceae_Rhizobiales_Alphaproteobacteria_Proteobacteria;0,001992091;0;0;0;0;0;0;0,0015107;0;0;0;0;0;0;0;0;0;0;0;0;0;0
Sneathiella_Sneathiellaceae_Sneathiellales_Alphaproteobacteria_Proteobacteria;0;0;0,003009238;0;0;0,004390651;0,001466663;0;0,01681788;0,003654303;0,015255297;0,015477762;0,015398491;0,012444836;0,024102381;0,03412713;0,018087993;0,039306591;0,037169433;0,02434757;0,029781772;0,024841635
Achromobacter_Alcaligenaceae_Burkholderiales_Betaproteobacteria_Proteobacteria;0,051794376;0,090910778;0,134412647;0,074254229;0,053030303;0,070250413;0,076999795;0,085354523;0,06727152;0,087703271;0,076276487;0,091045659;0,083591808;0,026804262;0,048204761;0,105111562;0,064903974;0,064503124;0,05598359;0,056622256;0,028754814;0,05106336
Stappia_Rhodobacteraceae_Rhodobacterales_Alphaproteobacteria_Proteobacteria;0,229090511;0,051949016;0,160492713;0,287331583;0,140692641;0,248803548;0,184066176;0,158623451;0,102677584;0,183628723;0,11594026;0,072836528;0,086891485;0,07562631;0,047427265;0,116032243;0,113847954;0,043338037;0,109213889;0,112678289;0,05237484;0,048993224
Novosphingobium_Sphingomonadaceae_Sphingomonadales_Alphaproteobacteria_Proteobacteria;0,061754833;0,066791592;0,065200165;0,020446817;0,08008658;0,05122426;0,060866504;0,037012138;0,088515158;0,030147999;0,075513722;0,074657441;0,071492994;0,054565819;0,025657373;0,054603409;0,023407991;0,031243701;0,038087197;0,031708463;0,015404365;0,028291862
uncultured_Beijerinckiaceae_Rhizobiales_Alphaproteobacteria_Proteobacteria;0,014940685;0,015770237;0,059181688;0,027979855;0,017316017;0,020489704;0,02126661;0,046076336;0,02212879;0,077653938;0,013729768;0,035507807;0,060494072;0,063181474;0,013217435;0,022523906;0,069159972;0,014110058;0,020190803;0,02661246;0,028754814;0,019321271
Rhodococcus_Nocardiaceae_Corynebacteriales_Actinobacteria_Actinobacteria;0,07171529;0,100187388;0,075230959;0,081787267;0,025974026;0,013171953;0,098266405;0,088375922;0,02212879;0,01918509;0,022120181;0,026403241;0,034096659;0,006701065;0,012439938;0,021158821;0,010639996;0,009070752;0,007800992;0,015854232;0,004107831;0,003450227
Loktanella_Rhodobacteraceae_Rhodobacterales_Alphaproteobacteria_Proteobacteria;0,040837874;0,026902169;0,011033874;0,015066076;0,008658009;0,008781302;0,00513332;0,005287448;0,004425758;0,01279006;0,00152553;0;0,007699245;0,006701065;0;0;0,002127999;0;0;0;0;0,006210409
Nitratireductor_Phyllobacteriaceae_Rhizobiales_Alphaproteobacteria_Proteobacteria;0,20618146;0,084417151;0,048147814;0,078558822;0,073593074;0,046833609;0,097533073;0,029458641;0,070812127;0,097752604;0,038901008;0,062821505;0,058294287;0,037334508;0,022547388;0,027984247;0,069159972;0,058455956;0,138123448;0,031708463;0,016431322;0,173891442
Rheinheimera_Chromatiaceae_Chromatiales_Gammaproteobacteria_Proteobacteria;0,352600177;0,432290024;0,466431946;0,544531015;0,390692641;0,194652187;0,45246546;0,536298333;0,209780925;0,295998538;0,132721087;0,382391769;0,053894718;0,024889672;0,045872273;0,057333579;0,054263978;0,007055029;0,04129937;0,053791143;0,018485237;0,029671952
uncultured_Hyphomicrobiaceae_Rhizobiales_Alphaproteobacteria_Proteobacteria;0,004980228;0;0,010030795;0,010761483;0,004329004;0;0,003666657;0,0015107;0,005310909;0,009135757;0,003813824;0,010015023;0,010998922;0,004786475;0,018659908;0,017746108;0,002127999;0,014110058;0,004588819;0,005662226;0,013350449;0,008280545
_uncultured_Gaiellales_Thermoleophilia_Actinobacteria;0,032869508;0,03710644;0,040123178;0,039817485;0,091991342;0,076104615;0,071866475;0,052874484;0,101792432;0,035629454;0,073988192;0,199389994;0,127587496;0,133064014;0,259683715;0,220461262;0,134063946;0,205603709;0,299190991;0,272919274;0,176636714;0,213914076
Acidovorax_Comamonadaceae_Burkholderiales_Betaproteobacteria_Proteobacteria;0,17829218;0,176255589;0,111341819;0,090396453;0,141774892;0,165381182;0,154732921;0,134452258;0,138968798;0,160789329;0,132721087;0,160240361;0,173782969;0,044035573;0,076972119;0,099651221;0,095759962;0,063495263;0,070208929;0,088896942;0,086264442;0,083495494
Planctomyces_Planctomycetaceae_Planctomycetales_Planctomycetacia_Planctomycetes;0;0,002782983;0,006018477;0,002152297;0,007575758;0;0,002933326;0,003021399;0;0;0;0,001820913;0;0,00191459;0,001554992;0,001365085;0;0;0,002294409;0,009625784;0;0
Variovorax_Comamonadaceae_Burkholderiales_Betaproteobacteria_Proteobacteria;0,245027242;0,340451585;0,342050094;0,206620464;0,246753247;0,180016684;0,402598926;0,422995868;0,169063952;0,3727389;0,157129563;0,384212683;0,171583185;0,163697456;0,156276726;0,588351728;0,165983934;0,116911913;0,310204157;0,473928282;0,088318357;0,1276584
_NS11-12-marine-group_Sphingobacteriales_Sphingobacteriia_Bacteroidetes;0,011952548;0,020408542;0,021064669;0,013989927;0,016233766;0,005854201;0,046199877;0,012840946;0,015047577;0,027407272;0,025171241;0,08285155;0,028597197;0,020103196;0,048204761;0,0784924;0,055327978;0,092723241;0,150972141;0,208369902;0,16944801;0,122138037
GKS98-freshwater-group_Alcaligenaceae_Burkholderiales_Betaproteobacteria_Proteobacteria;0,010956503;0,002782983;0,005015397;0,017218372;0,008658009;0,004390651;0,002933326;0;0,003540606;0,001827151;0;0,006373196;0,004399569;0;0,002332488;0;0,002127999;0,003023584;0,001835528;0,002831113;0;0
Ahrensia_Phyllobacteriaceae_Rhizobiales_Alphaproteobacteria_Proteobacteria;0,207177505;0,114102302;0,124381852;0,19693513;0,180735931;0,136110176;0,116599689;0,092152671;0,107988493;0,091357574;0,105261552;0,084672463;0,06489364;0,07562631;0,034987327;0,058698664;0,067031973;0,06147954;0,049559244;0,041334247;0,050320924;0,043472861
Idiomarina_Idiomarinaceae_Alteromonadales_Gammaproteobacteria_Proteobacteria;0;0;0;0;0;0;0;0;0,001770303;0;0;0;0;0;0;0;0;0;0,000917764;0;0;0
Polaribacter_Flavobacteriaceae_Flavobacteriales_Flavobacteriia_Bacteroidetes;0,010956503;0,042672406;0,021064669;0,010761483;0,014069264;0,023416804;0,024933267;0,015106995;0,002655455;0,004567879;0,006102119;0,007283653;0,007699245;0,00191459;0;0,00273017;0,005319998;0;0;0,001132445;0;0
Aequorivita_Flavobacteriaceae_Flavobacteriales_Flavobacteriia_Bacteroidetes;0,169327769;0,156774708;0,218671321;0,174336017;0,117965368;0,321981062;0,169399548;0,344439493;0,215976986;0,187283026;0,188402923;0,302271589;0,292571328;0,140722375;0,18582158;0,455938462;0,262807895;0,307397702;0,456587479;0,408246465;0,257766367;0,28084848
Parvibaculum_Rhodobiaceae_Rhizobiales_Alphaproteobacteria_Proteobacteria;0;0;0,002006159;0;0;0;0;0;0;0;0;0;0;0;0;0;0;0;0;0;0;0
Hyphomicrobium_Hyphomicrobiaceae_Rhizobiales_Alphaproteobacteria_Proteobacteria;0,003984183;0,024119186;0,058178608;0,007533038;0,037878788;0,065859763;0,035933238;0,06269403;0,073467581;0,094098301;0,08771796;0,223061866;0,115488682;0,162740161;0,190486557;0,094873422;0,102143959;0,208627293;0,215215606;0,182323664;0,153016688;0,151119944
Defluviimonas_Rhodobacteraceae_Rhodobacterales_Alphaproteobacteria_Proteobacteria;0,034861599;0,051949016;0,048147814;0,020446817;0,021645022;0,010244852;0,08506644;0,080822425;0,03363576;0,039283757;0,045765892;0,021850958;0,045095581;0,007658361;0,003887481;0,029349332;0,052135979;0,025196533;0,015143102;0,032274686;0,004107831;0,028981907
Sphingomonas_Sphingomonadaceae_Sphingomonadales_Alphaproteobacteria_Proteobacteria;0;0,001855322;0;0;0;0;0,005866651;0,004532099;0;0,004567879;0;0,001820913;0;0,002871885;0,002332488;0,002047628;0,003191999;0,007055029;0;0;0,002053915;0,001380091
Brevundimonas_Caulobacteraceae_Caulobacterales_Alphaproteobacteria_Proteobacteria;0,028885325;0,03710644;0,027083145;0,023675262;0,032467532;0,021953254;0,029333255;0,033990739;0,01681788;0,023752969;0,018306357;0,034597351;0,005499461;0,025846967;0,011662442;0,011603224;0,029791988;0,004031445;0,010095402;0,010758229;0,009242619;0,011040726
___ARKICE-90_Proteobacteria;0,095620387;0,141932132;0,149458839;0,079634971;0,064935065;0,089276567;0,098999736;0,147293204;0,126576676;0,101406907;0,093057314;0,143852142;0,059394179;0,062224179;0,061422196;0,124222755;0,119167952;0,193509373;0,136746803;0,154012536;0,07394095;0,080735312
Shinella_Rhizobiaceae_Rhizobiales_Alphaproteobacteria_Proteobacteria;0,09960457;0,361787788;0,248763705;0,23352417;0,395021645;0,21075124;0,353465724;0,3202683;0,1956185;0,271331993;0,260865586;0,214867756;0,276072945;0,225921636;0,183489092;0,270286873;0,184071926;0,196532957;0,00963652;0,348226874;0,162259307;0,017251135
Methylibium_Comamonadaceae_Burkholderiales_Betaproteobacteria_Proteobacteria;0,018924868;2,417484554;0,010030795;0,010761483;0,035714286;0,032198106;0,785397906;0,049097735;2,605886258;0,010049333;0,010678708;0,034597351;0,041795904;0,78593925;1,199676562;0,005460341;0,004255998;1,143922596;0,047723716;1,136408677;0,02156611;1,172387143
Fluviicola_Cryomorphaceae_Flavobacteriales_Flavobacteriia_Bacteroidetes;1,953245615;1,507449118;0,851614456;1,140717145;1,126623377;0,487362243;0,509665308;0,691145035;0,321310024;0,362689567;0,388247319;0,641871899;0,265074023;0,361857535;0,217698922;0,198619899;0,210671916;0,101793993;0,37169433;0,317084633;0,146854942;0,158710443
Sphingorhabdus_Sphingomonadaceae_Sphingomonadales_Alphaproteobacteria_Proteobacteria;0,037849737;0,086272473;0,047144734;0,01829452;0,038961039;0,057078461;0,044733214;0,036256789;0,044257579;0,035629454;0,048816952;0,051896026;0,061593964;0,086156556;0,061422196;0,040270014;0,071287971;0,059463818;0,055524708;0,040768024;0,037997433;0,024841635
Pseudolabrys_Xanthobacteraceae_Rhizobiales_Alphaproteobacteria_Proteobacteria;0,008964411;0,007421288;0,028086225;0,017218372;0,011904762;0,016099053;0,020533279;0,015862345;0,003540606;0,030147999;0,045003127;0,086493376;0,051694934;0,059352294;0,139949307;0,107159189;0,10107996;0,190485789;0,131699102;0,118906737;0,137612323;0,197352986
Mesorhizobium_Phyllobacteriaceae_Rhizobiales_Alphaproteobacteria_Proteobacteria;0,134466169;0,231915249;0,272837611;0,173259868;0,166666667;0,234168045;0,214866094;0,142005756;0,176145165;0,198245935;0,295190005;0,25674876;0,147385556;0,134978604;0,081637096;0,122175127;0,311751875;0,245918162;0,129863574;0,19251567;0,134531451;0,113167446
Caulobacter_Caulobacteraceae_Caulobacterales_Alphaproteobacteria_Proteobacteria;0,778907736;0,538971038;0,976999388;1,013731652;0,767316017;0,749337743;1,270863278;1,05900037;1,155122815;1,203179244;1,039648518;0,869486047;1,361666557;0,772537119;0,985087624;1,284545188;1,698143321;0,815359806;1,177949807;0,877644967;0,872913992;0,532715053
Hyphomonas_Hyphomonadaceae_Caulobacterales_Alphaproteobacteria_Proteobacteria;0,44224429;0,475890091;0,25779142;0,212001205;0,402597403;0,225386743;0,307999179;0,227360279;0,30183669;0,327060113;0,351634605;0,495288387;0,326667987;0,234537291;0,12517688;0,287350438;0,278767888;0,155210643;0,336819306;0,178926329;0,241335045;0,207013621
__Hot-Creek-32_Betaproteobacteria_Proteobacteria;0;0,004638305;0,002006159;0;0,002164502;0;0,005866651;0,049097735;0,007081213;0;0;0;0,004399569;0;0;0,004777798;0;0,048377343;0,000917764;0,00452978;0;0
uncultured_Comamonadaceae_Burkholderiales_Betaproteobacteria_Proteobacteria;4,79795213;2,627135939;3,187786505;3,117601481;5,326839827;3,686683156;2,274793934;2,139150534;0,497455189;2,771788781;2,909185215;3,073701461;3,256780835;1,607298418;1,069834704;2,501518657;1,570463372;0,201572264;2,185654434;0,087764497;1,28267009;0,051753405
Pseudorhodobacter_Rhodobacteraceae_Rhodobacterales_Alphaproteobacteria_Proteobacteria;0,524916083;0,2235663;0,215662083;0,130213938;0,322510823;0,446382835;0,148132938;0,338396695;0,164638194;0,22930751;0,213574164;0,071015614;0,194680921;0,050736639;0,202926496;0,163127683;0,193647923;0,226768797;0,178046173;0,061718259;0,097560976;0,140769263
Oceanisphaera_Aeromonadaceae_Aeromonadales_Gammaproteobacteria_Proteobacteria;3,804894569;4,376704577;2,947047436;2,874391976;2,825757576;1,746015484;3,647590273;3,323538965;1,682673158;2,566234241;1,87792711;1,631538216;0,851316571;0,71605671;0,456390241;0,558319853;0,418151833;0,189477928;0,377200912;0,735523105;0,16534018;0,292579252
Methylotenera_Methylophilaceae_Methylophilales_Betaproteobacteria_Proteobacteria;0,237058876;0,189242843;0,240739069;0,257199432;0,187229437;0,133183076;0,167199554;0,210742584;0,081433946;0,097752604;0,063309484;0,056448309;0,040696012;0,052651229;0,0202149;0,025254076;0,038303985;0,031243701;0,011930929;0,030576018;0,006161746;0,01656109
Rhizobium_Rhizobiaceae_Rhizobiales_Alphaproteobacteria_Proteobacteria;0,022909051;0,005565966;0,10933566;0,075330378;0,005411255;0,026343905;0,024933267;0,06571543;0,092055765;0,013703636;0,048054187;0,124732553;0,060494072;0,108174343;0,059089708;0,033444588;0,108527957;0,073573876;0,094529669;0,039635579;0,07394095;0,119377855
Massilia_Oxalobacteraceae_Burkholderiales_Betaproteobacteria_Proteobacteria;1,780929709;2,324718455;1,393277361;1,183763075;1,724025974;1,470868032;1,389662961;1,204782875;1,490595264;1,265302394;1,196778081;1,486775618;1,231879276;0,828060233;0,635991852;0,957607279;0,743735703;0,539205805;0,857650249;0,887270751;0,545314506;0,651402862
Thalassobaculum_Rhodospirillaceae_Rhodospirillales_Alphaproteobacteria_Proteobacteria;0,146418718;0,625243511;0,266819135;0,213077354;0,325757576;0,064396212;0,279399255;0,138984357;0,053109095;0,177233693;0,111363671;0,324122547;0,03959612;0,369515896;0,106516973;0,163810226;0,09895196;0,041322314;0,056442472;0,178926329;0,068806162;0,225644847
Sphingopyxis_Sphingomonadaceae_Sphingomonadales_Alphaproteobacteria_Proteobacteria;1,510005279;1,505593796;2,825674822;2,229779174;2,207792208;3,161268605;2,67739286;2,060594158;3,152024784;2,858578476;2,704001465;2,572039878;3,682439121;2,824977743;2,044037382;2,655090744;3,128158749;2,804878049;2,314600245;2,708808724;2,241848524;2,350984695
Terrimonas_Chitinophagaceae_Sphingobacteriales_Sphingobacteriia_Bacteroidetes;0,002988137;0,001855322;0,007021556;0,003228445;0,00974026;0,007317751;0,011733302;0,009064197;0,018588183;0,009135757;0,015255297;0,078299267;0,027497305;0,022017787;0,083192088;0,115349701;0,128743949;0,174360008;0,136287921;0,157409872;0,133504493;0,158710443
Cupriavidus_Burkholderiaceae_Burkholderiales_Betaproteobacteria_Proteobacteria;0,533880494;0,672554222;0,580783004;0,507941974;0,364718615;0,47126319;0,405532252;0,501552244;0,379730029;0,378220354;0,287562356;0,437019165;0,516949339;0,663405481;0,153166742;0,361747582;0,326647869;0,26002822;0,266610377;0,484120288;0,124261874;0,258767027
uncultured_Rhodobacteraceae_Rhodobacterales_Alphaproteobacteria_Proteobacteria;1,805830852;1,561253456;1,812564573;1,791786837;1,729437229;1,091808509;1,521662609;1,848340874;1,139190086;1,261648091;1,103720767;1,142623025;0,780923469;0,392490977;0,471162668;0,779463658;0,554343778;0,416246724;0,406110471;0,576414566;0,365596919;0,393325881
Gallaecimonas_Unknown-Family_Gammaproteobacteria-Incertae-Sedis_Gammaproteobacteria_Proteobacteria;0,025897188;0,007421288;0,044135496;0,008609186;0,008658009;0,007317751;0,017599953;0,026437242;0,028324851;0,031061575;0,038138244;0,035507807;0,020897952;0,021060491;0,045094777;0,052555781;0,05000798;0,063495263;0,060572409;0,056056033;0,031835687;0,028291862
Rhodobacter_Rhodobacteraceae_Rhodobacterales_Alphaproteobacteria_Proteobacteria;0,616552287;0,370136737;0,839577503;0,639232061;0,374458874;0,488825794;0,629198322;0,785563755;0,232794866;0,216517449;0,365364373;0,365093094;0,235376933;0,195288194;0,097964515;0,177461078;0,283023887;0,03829873;0,079386567;0,268955716;0,047240051;0,024151589
Limnohabitans_Comamonadaceae_Burkholderiales_Betaproteobacteria_Proteobacteria;0,001992091;0;0,005015397;0;0;0,316126861;0,019799947;0,070247528;0,15667183;0;0;0,010925479;0,087991377;0,300590651;0;0,040270014;0;0,219713767;0,082139858;0,321614414;0,05237484;0,268427663
uncultured_Rhodospirillaceae_Rhodospirillales_Alphaproteobacteria_Proteobacteria;1,307808002;1,526929999;1,278926304;1,63574534;1,572510823;1,40793537;1,36766302;1,18816518;1,344545253;1,183080577;1,218898262;1,490417444;1,24397809;1,49816678;0,927552909;1,456545925;1,187423525;1,030034267;1,163265587;0,978998805;1,022849807;0,930871251
Blastomonas_Sphingomonadaceae_Sphingomonadales_Alphaproteobacteria_Proteobacteria;0,447224519;0,478673074;0,524610554;0,462743748;0,376623377;0,436137984;0,571998475;0,469827554;0,695729144;0,485108716;0,73301704;0,845814176;0,991002882;0,827102938;0,803931021;0,735098389;0,857583657;0,909090909;1,083420138;0,90029387;0,884210526;0,925350888
Pseudomonas_Pseudomonadaceae_Pseudomonadales_Gammaproteobacteria_Proteobacteria;3,893542636;5,354459266;4,069493345;4,155008394;3,182900433;2,629999854;3,77372327;4,625006609;3,19451206;3,319934223;2,853503379;4,219055857;2,650740227;3,022180527;4,360975913;4,010620363;4,627334149;5,359806491;4,281368019;4,679829454;2,081643132;3,130045957
Ferrovibrio_Rhodospirillaceae_Rhodospirillales_Alphaproteobacteria_Proteobacteria;3,448310208;5,578953227;8,955493365;8,181955146;4,321428571;6,32107366;7,145580945;9,126135857;6,389909272;6,84450941;5,203581944;8,282423635;8,098506346;11,32001417;5,080937349;7,36804745;5,945629622;5,299334812;6,759330216;5,859271045;4,081129653;4,99178846
Hoeflea_Phyllobacteriaceae_Rhizobiales_Alphaproteobacteria_Proteobacteria;1,086685857;1,139167703;1,331086435;1,290301752;1,098484848;0,983505788;0,948930803;1,438941302;0,87807037;0,962908825;1,026681515;1,295579733;1,238478629;1,469447928;1,04650982;1,170560572;1,264031494;1,367667809;1,226591288;1,338550131;0,802053915;0,792172125
uncultured_Caulobacteraceae_Caulobacterales_Alphaproteobacteria_Proteobacteria;66,59063518;61,31282584;62,55504399;64,47957471;67,32792208;69,94453144;65,34055909;63,36024896;70,41380836;69,82093916;72,78760049;65,95893841;69,40649816;68,97119499;77,21547528;70,95371679;72,85737086;75,57347309;72,695151;73,17464002;82,3322208;79,43181661
